[{"model": "teaching.subjectcategory", "pk": 1, "fields": {"name": "Zupfinstrumente"}}, {"model": "teaching.subjectcategory", "pk": 2, "fields": {"name": "Tasteninstrumente"}}, {"model": "teaching.subjectcategory", "pk": 3, "fields": {"name": "Holzblasinstrumente"}}, {"model": "teaching.subjectcategory", "pk": 4, "fields": {"name": "Gesang"}}, {"model": "teaching.subjectcategory", "pk": 5, "fields": {"name": "Schlagwerk"}}, {"model": "teaching.subjectcategory", "pk": 6, "fields": {"name": "Streichinstrumente"}}, {"model": "teaching.subjectcategory", "pk": 7, "fields": {"name": "Blechblasinstrumente"}}, {"model": "teaching.subject", "pk": 1, "fields": {"subject": "Gitarre", "category": 1}}, {"model": "teaching.subject", "pk": 2, "fields": {"subject": "Klavier", "category": 2}}, {"model": "teaching.subject", "pk": 3, "fields": {"subject": "Fagott", "category": 3}}, {"model": "teaching.subject", "pk": 4, "fields": {"subject": "Gesang", "category": 4}}, {"model": "teaching.subject", "pk": 5, "fields": {"subject": "Schlagzeug", "category": 5}}, {"model": "teaching.subject", "pk": 6, "fields": {"subject": "E-Gitarre, Gitarre", "category": 1}}, {"model": "teaching.subject", "pk": 7, "fields": {"subject": "Gitarre, Gitarrenensemble", "category": 1}}, {"model": "teaching.subject", "pk": 8, "fields": {"subject": "E-Gitarre, Gitarre,  Band, Musikkunde", "category": 1}}, {"model": "teaching.subject", "pk": 9, "fields": {"subject": "Gitarre, Gitarrenorchester", "category": 1}}, {"model": "teaching.subject", "pk": 10, "fields": {"subject": "Klavier, Korrepetition", "category": 2}}, {"model": "teaching.subject", "pk": 11, "fields": {"subject": "Klavier, Jazz-Klavier, Elektronische Tasteninstrumente", "category": 2}}, {"model": "teaching.subject", "pk": 12, "fields": {"subject": "Stimmbildung, Sologesang", "category": 4}}, {"model": "teaching.subject", "pk": 13, "fields": {"subject": "Violine, Musikalische Fr\u00fcherziehung, Musikkunde", "category": 6}}, {"model": "teaching.subject", "pk": 14, "fields": {"subject": "Trompete, Fl\u00fcgelhorn, Ensembles", "category": 7}}, {"model": "teaching.subject", "pk": 15, "fields": {"subject": "Cembalo, Orgel, Korrepetition", "category": 2}}, {"model": "teaching.subject", "pk": 16, "fields": {"subject": "Musikalische Fr\u00fcherziehung, Korrepetition", "category": 6}}, {"model": "teaching.subject", "pk": 17, "fields": {"subject": "Violine, Bratsche, Orchester", "category": 6}}, {"model": "teaching.teacher", "pk": 1, "fields": {"gender": 1, "academic_title": null, "first_name": "Franz", "last_name": "Helfersdorfer", "subject": 1, "user": null, "image": "teachers/images/Helfersdorfer_Franz.jpg", "email": "", "homepage": "", "phone": "+43", "socialSecurityField": "", "iban": "", "bic": "", "adress_line": "", "house_number": "", "postal_code": "", "city": "", "country": 1, "location": 1, "bio": "", "youtube_id_one": "", "youtube_id_two": ""}}, {"model": "teaching.teacher", "pk": 2, "fields": {"gender": 1, "academic_title": 1, "first_name": "Augustinus", "last_name": "Brunner", "subject": 2, "user": null, "image": "teachers/images/Brunner_Augustinus.jpg", "email": "", "homepage": "", "phone": "+43", "socialSecurityField": "", "iban": "", "bic": "", "adress_line": "", "house_number": "", "postal_code": "", "city": "", "country": 1, "location": 1, "bio": "", "youtube_id_one": "", "youtube_id_two": ""}}, {"model": "teaching.teacher", "pk": 3, "fields": {"gender": 1, "academic_title": null, "first_name": "Robert", "last_name": "Brunnlechner", "subject": 3, "user": null, "image": "teachers/images/Brunnlechner_Robert_INOK.jpg", "email": "", "homepage": "", "phone": "+43", "socialSecurityField": "", "iban": "", "bic": "", "adress_line": "", "house_number": "", "postal_code": "", "city": "", "country": 1, "location": 1, "bio": "", "youtube_id_one": "", "youtube_id_two": ""}}, {"model": "teaching.teacher", "pk": 4, "fields": {"gender": 2, "academic_title": null, "first_name": "Sophie", "last_name": "Geym\u00fcller", "subject": 4, "user": null, "image": "teachers/images/Geymuller_Sophie.jpg", "email": "", "homepage": "https://www.sophiegeymueller.com/", "phone": "+43", "socialSecurityField": "", "iban": "", "bic": "", "adress_line": "", "house_number": "", "postal_code": "", "city": "", "country": 1, "location": 1, "bio": "", "youtube_id_one": "", "youtube_id_two": ""}}, {"model": "teaching.teacher", "pk": 5, "fields": {"gender": 1, "academic_title": null, "first_name": "Vladimir", "last_name": "Kostadinovic", "subject": 5, "user": null, "image": "teachers/images/Kostadinovic_Vladimir.jpg", "email": "", "homepage": "http://www.vladimirkostadinovic.net/", "phone": "+43", "socialSecurityField": "", "iban": "", "bic": "", "adress_line": "", "house_number": "", "postal_code": "", "city": "", "country": 1, "location": 1, "bio": "", "youtube_id_one": "", "youtube_id_two": ""}}, {"model": "teaching.teacher", "pk": 6, "fields": {"gender": 1, "academic_title": null, "first_name": "Andreas", "last_name": "Rauscher", "subject": 1, "user": null, "image": "teachers/images/Rauscher_Andreas.jpg", "email": "", "homepage": "", "phone": "+43", "socialSecurityField": "", "iban": "", "bic": "", "adress_line": "", "house_number": "", "postal_code": "", "city": "", "country": 1, "location": 1, "bio": "", "youtube_id_one": "", "youtube_id_two": ""}}, {"model": "teaching.teacher", "pk": 7, "fields": {"gender": 1, "academic_title": null, "first_name": "Charly", "last_name": "Moser", "subject": 6, "user": null, "image": "teachers/images/Moser_Karl_Arnold.jpg", "email": "", "homepage": "", "phone": "+43", "socialSecurityField": "", "iban": "", "bic": "", "adress_line": "", "house_number": "", "postal_code": "", "city": "", "country": 1, "location": 1, "bio": "", "youtube_id_one": "", "youtube_id_two": ""}}, {"model": "teaching.teacher", "pk": 8, "fields": {"gender": 1, "academic_title": null, "first_name": "Lukas", "last_name": "Sch\u00f6nsgibl", "subject": 8, "user": null, "image": "teachers/images/Schoensgibl_Lukas.jpg", "email": "", "homepage": "https://www.schoensgibl.com", "phone": "+43", "socialSecurityField": "", "iban": "", "bic": "", "adress_line": "", "house_number": "", "postal_code": "", "city": "", "country": 1, "location": 1, "bio": "", "youtube_id_one": "", "youtube_id_two": ""}}, {"model": "teaching.teacher", "pk": 11, "fields": {"gender": 1, "academic_title": null, "first_name": "Daniel", "last_name": "Th\u00fcrauer", "subject": 7, "user": null, "image": "teachers/teacher_image_default.svg", "email": "", "homepage": "", "phone": "+43", "socialSecurityField": "", "iban": "", "bic": "", "adress_line": "", "house_number": "", "postal_code": "", "city": "", "country": 1, "location": 1, "bio": "", "youtube_id_one": "", "youtube_id_two": ""}}, {"model": "teaching.teacher", "pk": 12, "fields": {"gender": 1, "academic_title": null, "first_name": "Gyeong-Ju", "last_name": "Chae", "subject": 10, "user": null, "image": "teachers/images/Gyeong_Ju_Chae_.jpg", "email": "", "homepage": "", "phone": "+43", "socialSecurityField": "", "iban": "", "bic": "", "adress_line": "", "house_number": "", "postal_code": "", "city": "", "country": 1, "location": 1, "bio": "", "youtube_id_one": "", "youtube_id_two": ""}}, {"model": "teaching.teacher", "pk": 13, "fields": {"gender": 1, "academic_title": null, "first_name": "Phillip", "last_name": "Kronbichler", "subject": 2, "user": null, "image": "teachers/images/Kronbichler_Phillip.jpg", "email": "", "homepage": "http://www.philipp-kronbichler.de/", "phone": "+43", "socialSecurityField": "", "iban": "", "bic": "", "adress_line": "", "house_number": "", "postal_code": "", "city": "", "country": 1, "location": 1, "bio": "", "youtube_id_one": "", "youtube_id_two": ""}}, {"model": "teaching.teacher", "pk": 14, "fields": {"gender": 1, "academic_title": null, "first_name": "Albert", "last_name": "Mair", "subject": 11, "user": null, "image": "teachers/images/Mair_Albert.jpg", "email": "", "homepage": "https://www.mairegen.at/", "phone": "+43", "socialSecurityField": "", "iban": "", "bic": "", "adress_line": "", "house_number": "", "postal_code": "", "city": "", "country": 1, "location": 1, "bio": "", "youtube_id_one": "", "youtube_id_two": ""}}, {"model": "teaching.teacher", "pk": 15, "fields": {"gender": 2, "academic_title": null, "first_name": "Jee-Eun", "last_name": "Mayr", "subject": 12, "user": null, "image": "teachers/images/Mayr_Jee-Eun..jpg", "email": "", "homepage": "", "phone": "+43", "socialSecurityField": "", "iban": "", "bic": "", "adress_line": "", "house_number": "", "postal_code": "", "city": "", "country": 1, "location": 1, "bio": "", "youtube_id_one": "", "youtube_id_two": ""}}, {"model": "teaching.teacher", "pk": 16, "fields": {"gender": 2, "academic_title": null, "first_name": "Mirjam", "last_name": "Nill", "subject": 13, "user": null, "image": "teachers/images/Nill_Mirjam.jpg", "email": "", "homepage": "", "phone": "+43", "socialSecurityField": "", "iban": "", "bic": "", "adress_line": "", "house_number": "", "postal_code": "", "city": "", "country": 1, "location": 1, "bio": "", "youtube_id_one": "", "youtube_id_two": ""}}, {"model": "teaching.teacher", "pk": 17, "fields": {"gender": 1, "academic_title": null, "first_name": "Adolf", "last_name": "Obendrauf", "subject": 14, "user": null, "image": "teachers/images/Obendrauf_adolf.jpg", "email": "", "homepage": "", "phone": "+43", "socialSecurityField": "", "iban": "", "bic": "", "adress_line": "", "house_number": "", "postal_code": "", "city": "", "country": 1, "location": 1, "bio": "", "youtube_id_one": "", "youtube_id_two": ""}}, {"model": "teaching.teacher", "pk": 18, "fields": {"gender": 2, "academic_title": null, "first_name": "Ana Maria", "last_name": "Ospina", "subject": 15, "user": null, "image": "teachers/images/Ospina_Ana_Maria_.JPG", "email": "", "homepage": "", "phone": "+43", "socialSecurityField": "", "iban": "", "bic": "", "adress_line": "", "house_number": "", "postal_code": "", "city": "", "country": 1, "location": 1, "bio": "", "youtube_id_one": "", "youtube_id_two": ""}}, {"model": "teaching.teacher", "pk": 19, "fields": {"gender": 1, "academic_title": null, "first_name": "Lukas", "last_name": "Thenius", "subject": 16, "user": null, "image": "teachers/images/Thenius_Lukas.png", "email": "", "homepage": "", "phone": "+43", "socialSecurityField": "", "iban": "", "bic": "", "adress_line": "", "house_number": "", "postal_code": "", "city": "", "country": 1, "location": 1, "bio": "", "youtube_id_one": "", "youtube_id_two": ""}}, {"model": "teaching.teacher", "pk": 20, "fields": {"gender": 2, "academic_title": null, "first_name": "Eva Maria", "last_name": "Walter", "subject": 1, "user": null, "image": "teachers/images/Walter_Eva_Maria.jpg", "email": "", "homepage": "", "phone": "+43", "socialSecurityField": "", "iban": "", "bic": "", "adress_line": "", "house_number": "", "postal_code": "", "city": "", "country": 1, "location": 1, "bio": "", "youtube_id_one": "", "youtube_id_two": ""}}, {"model": "teaching.teacher", "pk": 21, "fields": {"gender": 2, "academic_title": null, "first_name": "Veronika", "last_name": "Weber", "subject": 17, "user": null, "image": "teachers/teacher_image_default.svg", "email": "", "homepage": "", "phone": "+43", "socialSecurityField": "", "iban": "", "bic": "", "adress_line": "", "house_number": "", "postal_code": "", "city": "", "country": 1, "location": 1, "bio": "", "youtube_id_one": "", "youtube_id_two": ""}}]