[{"model": "teaching.subjectcategory", "pk": 1, "fields": {"name": "Zupfinstrumente"}}, {"model": "teaching.subjectcategory", "pk": 2, "fields": {"name": "Tasteninstrumente"}}, {"model": "teaching.subjectcategory", "pk": 3, "fields": {"name": "Holzblasinstrumente"}}, {"model": "teaching.subjectcategory", "pk": 4, "fields": {"name": "Gesang"}}, {"model": "teaching.subjectcategory", "pk": 5, "fields": {"name": "Schlagwerk"}}, {"model": "teaching.subjectcategory", "pk": 6, "fields": {"name": "Streichinstrumente"}}, {"model": "teaching.subjectcategory", "pk": 7, "fields": {"name": "Blechblasinstrumente"}}, {"model": "teaching.subjectcategory", "pk": 8, "fields": {"name": "Tanz"}}, {"model": "teaching.subjectcategory", "pk": 9, "fields": {"name": "Kunstschule"}}, {"model": "teaching.subjectcategory", "pk": 10, "fields": {"name": "Direktion"}}, {"model": "teaching.subjectcategory", "pk": 11, "fields": {"name": "Sekretariat"}}, {"model": "teaching.subject", "pk": 1, "fields": {"subject": "Gitarre", "category": 1}}, {"model": "teaching.subject", "pk": 2, "fields": {"subject": "Klavier", "category": 2}}, {"model": "teaching.subject", "pk": 3, "fields": {"subject": "Fagott", "category": 3}}, {"model": "teaching.subject", "pk": 4, "fields": {"subject": "Gesang", "category": 4}}, {"model": "teaching.subject", "pk": 5, "fields": {"subject": "Schlagzeug", "category": 5}}, {"model": "teaching.subject", "pk": 6, "fields": {"subject": "E-Gitarre, Gitarre", "category": 1}}, {"model": "teaching.subject", "pk": 7, "fields": {"subject": "Gitarre, Gitarrenensemble", "category": 1}}, {"model": "teaching.subject", "pk": 8, "fields": {"subject": "E-Gitarre, Gitarre,  Band, Musikkunde", "category": 1}}, {"model": "teaching.subject", "pk": 9, "fields": {"subject": "Gitarre, Gitarrenorchester", "category": 1}}, {"model": "teaching.subject", "pk": 10, "fields": {"subject": "Klavier, Korrepetition", "category": 2}}, {"model": "teaching.subject", "pk": 11, "fields": {"subject": "Klavier, Jazz-Klavier, Elektronische Tasteninstrumente", "category": 2}}, {"model": "teaching.subject", "pk": 12, "fields": {"subject": "Stimmbildung, Sologesang", "category": 4}}, {"model": "teaching.subject", "pk": 13, "fields": {"subject": "Violine, Musikalische Fr\u00fcherziehung, Musikkunde", "category": 6}}, {"model": "teaching.subject", "pk": 14, "fields": {"subject": "Trompete, Fl\u00fcgelhorn, Ensembles", "category": 7}}, {"model": "teaching.subject", "pk": 15, "fields": {"subject": "Cembalo, Orgel, Korrepetition", "category": 2}}, {"model": "teaching.subject", "pk": 16, "fields": {"subject": "Musikalische Fr\u00fcherziehung, Korrepetition", "category": 6}}, {"model": "teaching.subject", "pk": 17, "fields": {"subject": "Violine, Bratsche, Orchester", "category": 6}}, {"model": "teaching.subject", "pk": 18, "fields": {"subject": "Blockfl\u00f6te", "category": 3}}, {"model": "teaching.subject", "pk": 19, "fields": {"subject": "Violoncello", "category": 6}}, {"model": "teaching.subject", "pk": 20, "fields": {"subject": "Musicalakademie", "category": 9}}, {"model": "teaching.subject", "pk": 21, "fields": {"subject": "Ballett: Vorbereitungsklasse, Leistungsklasse, Modern, Akademie", "category": 8}}, {"model": "teaching.subject", "pk": 22, "fields": {"subject": "Ballett: Kindertanz, Vorbereitungsklasse, Leistungsklasse", "category": 8}}, {"model": "teaching.subject", "pk": 23, "fields": {"subject": "Akkordeon, Steirische Harmonika", "category": 2}}, {"model": "teaching.subject", "pk": 24, "fields": {"subject": "Schauspielakademie KIDS", "category": 9}}, {"model": "teaching.subject", "pk": 25, "fields": {"subject": "Ballett: Klassisches Ballett, Modern Akademie", "category": 8}}, {"model": "teaching.subject", "pk": 26, "fields": {"subject": "Zither, Hackbrett, Musikkunde", "category": 1}}, {"model": "teaching.subject", "pk": 27, "fields": {"subject": "Filmakademie", "category": 9}}, {"model": "teaching.subject", "pk": 28, "fields": {"subject": "Klavier, Korrepetition, Musicalakademie KIDS", "category": 2}}, {"model": "teaching.subject", "pk": 29, "fields": {"subject": "Klavier, Korrepetition", "category": 2}}, {"model": "teaching.subject", "pk": 30, "fields": {"subject": "Klarinette, Saxofon, Leitung der Nachwuchsblasorchester Midi- und Mini Woods/Wi", "category": 3}}, {"model": "teaching.subject", "pk": 31, "fields": {"subject": "Malakademie KIDS", "category": 9}}, {"model": "teaching.subject", "pk": 32, "fields": {"subject": "Ballett: Leitung; Klassisches Ballett Berufsbildung, Choreographie, Ensemble", "category": 8}}, {"model": "teaching.subject", "pk": 33, "fields": {"subject": "Schauspielakademie", "category": 9}}, {"model": "teaching.subject", "pk": 34, "fields": {"subject": "Violine", "category": 6}}, {"model": "teaching.subject", "pk": 35, "fields": {"subject": "Klarinette, Saxofon, Ensemble", "category": 3}}, {"model": "teaching.subject", "pk": 36, "fields": {"subject": "Musicalakademie KIDS", "category": 9}}, {"model": "teaching.subject", "pk": 37, "fields": {"subject": "Ballett: Klassisches Ballett Berufsbildung", "category": 8}}, {"model": "teaching.subject", "pk": 38, "fields": {"subject": "Ballett", "category": 8}}, {"model": "teaching.subject", "pk": 39, "fields": {"subject": "Fotoakademie", "category": 9}}, {"model": "teaching.subject", "pk": 40, "fields": {"subject": "Kontrabass, E-Bass, Gitarre, E-Gitarre", "category": 1}}, {"model": "teaching.subject", "pk": 41, "fields": {"subject": "Gesang, Bandcoaching", "category": 4}}, {"model": "teaching.subject", "pk": 42, "fields": {"subject": "Oboe", "category": 3}}, {"model": "teaching.subject", "pk": 43, "fields": {"subject": "Horn", "category": 7}}, {"model": "teaching.subject", "pk": 44, "fields": {"subject": "E-Gitarre, Big Band", "category": 1}}, {"model": "teaching.subject", "pk": 45, "fields": {"subject": "Chor, Kooperation Dompfarre, Orgel", "category": 2}}, {"model": "teaching.subject", "pk": 46, "fields": {"subject": "Klavier, Korrepetition", "category": 2}}, {"model": "teaching.subject", "pk": 47, "fields": {"subject": "Schreibakademie", "category": 9}}, {"model": "teaching.subject", "pk": 48, "fields": {"subject": "Trompete, Tenorhorn, Kornett, Fl\u00fcgelhorn, Althorn", "category": 7}}, {"model": "teaching.subject", "pk": 49, "fields": {"subject": "Querfl\u00f6te", "category": 3}}, {"model": "teaching.subject", "pk": 50, "fields": {"subject": "Harfe", "category": 1}}, {"model": "teaching.subject", "pk": 51, "fields": {"subject": "Violine, Bratsche, Orchester", "category": 6}}, {"model": "teaching.subject", "pk": 52, "fields": {"subject": "Stimmbildung, Sologesang, Musical, Ensemble, Musicalakademie KIDS", "category": 4}}, {"model": "teaching.subject", "pk": 53, "fields": {"subject": "Schauspielakademie in Geb\u00e4rdensprache", "category": 9}}, {"model": "teaching.subject", "pk": 54, "fields": {"subject": "Schlagwerk, Schlagzeug", "category": 5}}, {"model": "teaching.subject", "pk": 55, "fields": {"subject": "Posaune, Tuba", "category": 7}}, {"model": "teaching.subject", "pk": 56, "fields": {"subject": "Malakademie", "category": 9}}, {"model": "teaching.subject", "pk": 57, "fields": {"subject": "Violine, Bratsche, Musikkunde, Orchester,", "category": 6}}, {"model": "teaching.subject", "pk": 58, "fields": {"subject": "Stimmbildung f\u00fcr Kinder, Kinderchor", "category": 4}}, {"model": "teaching.subject", "pk": 59, "fields": {"subject": "Violoncello, Ensemble", "category": 6}}, {"model": "teaching.subject", "pk": 60, "fields": {"subject": "Ballett: Choreographisches Zentrum, Klassisches Ballett Berufsausbildung, Modern", "category": 8}}, {"model": "teaching.subject", "pk": 61, "fields": {"subject": "Ballett: Klassisches Ballett Vorbereitungsklasse und Leistungsklasse, Akademie", "category": 8}}, {"model": "teaching.subject", "pk": 62, "fields": {"subject": "Querfl\u00f6te, Ensemble", "category": 3}}, {"model": "teaching.subject", "pk": 63, "fields": {"subject": "Klavier, Musikkunde", "category": 2}}, {"model": "teaching.subject", "pk": 64, "fields": {"subject": "Gitarre", "category": 1}}, {"model": "teaching.subject", "pk": 65, "fields": {"subject": "Pop- und Jazzgesang, Stimmbildung", "category": 4}}, {"model": "teaching.subject", "pk": 66, "fields": {"subject": "Direktor, Gesang, Bandcoaching", "category": 10}}, {"model": "teaching.subject", "pk": 67, "fields": {"subject": "Sekretariat", "category": 11}}, {"model": "teaching.subject", "pk": 68, "fields": {"subject": "Kontrabass, E-Bass, Gitarre, E-Gitarre", "category": 1}}, {"model": "teaching.subject", "pk": 69, "fields": {"subject": "Cembalo, Klavier", "category": 2}}, {"model": "teaching.teacher", "pk": 1, "fields": {"gender": 1, "academic_title": null, "first_name": "Franz", "last_name": "Helfersdorfer", "subject": 1, "user": null, "image": "teachers/images/Helfersdorfer_Franz.jpg", "email": "", "homepage": "", "phone": "+43", "socialSecurityField": "", "iban": "", "bic": "", "adress_line": "", "house_number": "", "postal_code": "", "city": "", "country": 1, "location": 1, "bio": "", "youtube_id_one": "", "youtube_id_two": ""}}, {"model": "teaching.teacher", "pk": 2, "fields": {"gender": 1, "academic_title": 1, "first_name": "Augustinus", "last_name": "Brunner", "subject": 2, "user": null, "image": "teachers/images/Brunner_Augustinus.jpg", "email": "", "homepage": "", "phone": "+43", "socialSecurityField": "", "iban": "", "bic": "", "adress_line": "", "house_number": "", "postal_code": "", "city": "", "country": 1, "location": 1, "bio": "", "youtube_id_one": "", "youtube_id_two": ""}}, {"model": "teaching.teacher", "pk": 3, "fields": {"gender": 1, "academic_title": null, "first_name": "Robert", "last_name": "Brunnlechner", "subject": 3, "user": null, "image": "teachers/images/Brunnlechner_Robert_INOK.jpg", "email": "", "homepage": "", "phone": "+43", "socialSecurityField": "", "iban": "", "bic": "", "adress_line": "", "house_number": "", "postal_code": "", "city": "", "country": 1, "location": 1, "bio": "", "youtube_id_one": "", "youtube_id_two": ""}}, {"model": "teaching.teacher", "pk": 4, "fields": {"gender": 2, "academic_title": null, "first_name": "Sophie", "last_name": "Geym\u00fcller", "subject": 65, "user": null, "image": "teachers/images/Geymuller_Sophie.jpg", "email": "", "homepage": "https://www.sophiegeymueller.com/", "phone": "+43", "socialSecurityField": "", "iban": "", "bic": "", "adress_line": "", "house_number": "", "postal_code": "", "city": "", "country": 1, "location": 1, "bio": "", "youtube_id_one": "", "youtube_id_two": ""}}, {"model": "teaching.teacher", "pk": 5, "fields": {"gender": 1, "academic_title": null, "first_name": "Vladimir", "last_name": "Kostadinovic", "subject": 5, "user": null, "image": "teachers/images/Kostadinovic_Vladimir.jpg", "email": "", "homepage": "http://www.vladimirkostadinovic.net/", "phone": "+43", "socialSecurityField": "", "iban": "", "bic": "", "adress_line": "", "house_number": "", "postal_code": "", "city": "", "country": 1, "location": 1, "bio": "", "youtube_id_one": "", "youtube_id_two": ""}}, {"model": "teaching.teacher", "pk": 6, "fields": {"gender": 1, "academic_title": null, "first_name": "Andreas", "last_name": "Rauscher", "subject": 1, "user": null, "image": "teachers/images/Rauscher_Andreas.jpg", "email": "", "homepage": "", "phone": "+43", "socialSecurityField": "", "iban": "", "bic": "", "adress_line": "", "house_number": "", "postal_code": "", "city": "", "country": 1, "location": 1, "bio": "", "youtube_id_one": "", "youtube_id_two": ""}}, {"model": "teaching.teacher", "pk": 7, "fields": {"gender": 1, "academic_title": null, "first_name": "Charly", "last_name": "Moser", "subject": 6, "user": null, "image": "teachers/images/Moser_Karl_Arnold.jpg", "email": "", "homepage": "", "phone": "+43", "socialSecurityField": "", "iban": "", "bic": "", "adress_line": "", "house_number": "", "postal_code": "", "city": "", "country": 1, "location": 1, "bio": "", "youtube_id_one": "", "youtube_id_two": ""}}, {"model": "teaching.teacher", "pk": 8, "fields": {"gender": 1, "academic_title": null, "first_name": "Lukas", "last_name": "Sch\u00f6nsgibl", "subject": 8, "user": null, "image": "teachers/images/Schoensgibl_Lukas.jpg", "email": "", "homepage": "https://www.schoensgibl.com", "phone": "+43", "socialSecurityField": "", "iban": "", "bic": "", "adress_line": "", "house_number": "", "postal_code": "", "city": "", "country": 1, "location": 1, "bio": "", "youtube_id_one": "", "youtube_id_two": ""}}, {"model": "teaching.teacher", "pk": 11, "fields": {"gender": 1, "academic_title": null, "first_name": "Daniel", "last_name": "Th\u00fcrauer", "subject": 7, "user": null, "image": "teachers/teacher_image_default.svg", "email": "", "homepage": "", "phone": "+43", "socialSecurityField": "", "iban": "", "bic": "", "adress_line": "", "house_number": "", "postal_code": "", "city": "", "country": 1, "location": 1, "bio": "", "youtube_id_one": "", "youtube_id_two": ""}}, {"model": "teaching.teacher", "pk": 12, "fields": {"gender": 1, "academic_title": null, "first_name": "Gyeong-Ju", "last_name": "Chae", "subject": 10, "user": null, "image": "teachers/images/Gyeong_Ju_Chae_.jpg", "email": "", "homepage": "", "phone": "+43", "socialSecurityField": "", "iban": "", "bic": "", "adress_line": "", "house_number": "", "postal_code": "", "city": "", "country": 1, "location": 1, "bio": "", "youtube_id_one": "", "youtube_id_two": ""}}, {"model": "teaching.teacher", "pk": 13, "fields": {"gender": 1, "academic_title": null, "first_name": "Phillip", "last_name": "Kronbichler", "subject": 2, "user": null, "image": "teachers/images/Kronbichler_Phillip.jpg", "email": "", "homepage": "http://www.philipp-kronbichler.de/", "phone": "+43", "socialSecurityField": "", "iban": "", "bic": "", "adress_line": "", "house_number": "", "postal_code": "", "city": "", "country": 1, "location": 1, "bio": "", "youtube_id_one": "", "youtube_id_two": ""}}, {"model": "teaching.teacher", "pk": 14, "fields": {"gender": 1, "academic_title": null, "first_name": "Albert", "last_name": "Mair", "subject": 11, "user": null, "image": "teachers/images/Mair_Albert.jpg", "email": "", "homepage": "https://www.mairegen.at/", "phone": "+43", "socialSecurityField": "", "iban": "", "bic": "", "adress_line": "", "house_number": "", "postal_code": "", "city": "", "country": 1, "location": 1, "bio": "", "youtube_id_one": "", "youtube_id_two": ""}}, {"model": "teaching.teacher", "pk": 15, "fields": {"gender": 2, "academic_title": null, "first_name": "Jee-Eun", "last_name": "Mayr", "subject": 12, "user": null, "image": "teachers/images/Mayr_Jee-Eun..jpg", "email": "", "homepage": "", "phone": "+43", "socialSecurityField": "", "iban": "", "bic": "", "adress_line": "", "house_number": "", "postal_code": "", "city": "", "country": 1, "location": 1, "bio": "", "youtube_id_one": "", "youtube_id_two": ""}}, {"model": "teaching.teacher", "pk": 16, "fields": {"gender": 2, "academic_title": null, "first_name": "Mirjam", "last_name": "Nill", "subject": 13, "user": null, "image": "teachers/images/Nill_Mirjam.jpg", "email": "", "homepage": "", "phone": "+43", "socialSecurityField": "", "iban": "", "bic": "", "adress_line": "", "house_number": "", "postal_code": "", "city": "", "country": 1, "location": 1, "bio": "", "youtube_id_one": "", "youtube_id_two": ""}}, {"model": "teaching.teacher", "pk": 17, "fields": {"gender": 1, "academic_title": null, "first_name": "Adolf", "last_name": "Obendrauf", "subject": 14, "user": null, "image": "teachers/images/Obendrauf_adolf.jpg", "email": "", "homepage": "", "phone": "+43", "socialSecurityField": "", "iban": "", "bic": "", "adress_line": "", "house_number": "", "postal_code": "", "city": "", "country": 1, "location": 1, "bio": "", "youtube_id_one": "", "youtube_id_two": ""}}, {"model": "teaching.teacher", "pk": 18, "fields": {"gender": 2, "academic_title": null, "first_name": "Ana Maria", "last_name": "Ospina", "subject": 15, "user": null, "image": "teachers/images/Ospina_Ana_Maria_.JPG", "email": "", "homepage": "", "phone": "+43", "socialSecurityField": "", "iban": "", "bic": "", "adress_line": "", "house_number": "", "postal_code": "", "city": "", "country": 1, "location": 1, "bio": "", "youtube_id_one": "", "youtube_id_two": ""}}, {"model": "teaching.teacher", "pk": 19, "fields": {"gender": 1, "academic_title": null, "first_name": "Lukas", "last_name": "Thenius", "subject": 16, "user": null, "image": "teachers/images/Thenius_Lukas.png", "email": "", "homepage": "", "phone": "+43", "socialSecurityField": "", "iban": "", "bic": "", "adress_line": "", "house_number": "", "postal_code": "", "city": "", "country": 1, "location": 1, "bio": "", "youtube_id_one": "", "youtube_id_two": ""}}, {"model": "teaching.teacher", "pk": 20, "fields": {"gender": 2, "academic_title": null, "first_name": "Eva Maria", "last_name": "Walter", "subject": 1, "user": null, "image": "teachers/images/Walter_Eva_Maria.jpg", "email": "", "homepage": "", "phone": "+43", "socialSecurityField": "", "iban": "", "bic": "", "adress_line": "", "house_number": "", "postal_code": "", "city": "", "country": 1, "location": 1, "bio": "", "youtube_id_one": "", "youtube_id_two": ""}}, {"model": "teaching.teacher", "pk": 21, "fields": {"gender": 2, "academic_title": null, "first_name": "Veronika", "last_name": "Weber", "subject": 17, "user": null, "image": "teachers/images/Weber_Veronika_QhkBdsG.jpg", "email": "", "homepage": "", "phone": "+43", "socialSecurityField": "", "iban": "", "bic": "", "adress_line": "", "house_number": "", "postal_code": "", "city": "", "country": 1, "location": 1, "bio": "", "youtube_id_one": "", "youtube_id_two": ""}}, {"model": "teaching.teacher", "pk": 22, "fields": {"gender": 2, "academic_title": null, "first_name": "Angela", "last_name": "K\u00f6stler", "subject": 18, "user": null, "image": "teachers/images/Koestler_Angela_T0iBf9i.jpg", "email": "", "homepage": "", "phone": "+43", "socialSecurityField": "", "iban": "", "bic": "", "adress_line": "", "house_number": "", "postal_code": "", "city": "", "country": null, "location": null, "bio": "", "youtube_id_one": "", "youtube_id_two": ""}}, {"model": "teaching.teacher", "pk": 23, "fields": {"gender": 2, "academic_title": null, "first_name": "Sophie", "last_name": "Abraham", "subject": 19, "user": null, "image": "teachers/images/Abraham_Sophie.jpg", "email": "", "homepage": "http://sophie-abraham.com/", "phone": "+43", "socialSecurityField": "", "iban": "", "bic": "", "adress_line": "", "house_number": "", "postal_code": "", "city": "", "country": null, "location": null, "bio": "", "youtube_id_one": "", "youtube_id_two": ""}}, {"model": "teaching.teacher", "pk": 24, "fields": {"gender": 2, "academic_title": null, "first_name": "Johanna", "last_name": "Balluch", "subject": 20, "user": null, "image": "teachers/teacher_image_default.svg", "email": "", "homepage": "", "phone": "+43", "socialSecurityField": "", "iban": "", "bic": "", "adress_line": "", "house_number": "", "postal_code": "", "city": "", "country": null, "location": null, "bio": "", "youtube_id_one": "", "youtube_id_two": ""}}, {"model": "teaching.teacher", "pk": 25, "fields": {"gender": 2, "academic_title": null, "first_name": "Julia", "last_name": "Bauer", "subject": 21, "user": null, "image": "teachers/teacher_image_default.svg", "email": "", "homepage": "", "phone": "+43", "socialSecurityField": "", "iban": "", "bic": "", "adress_line": "", "house_number": "", "postal_code": "", "city": "", "country": null, "location": null, "bio": "", "youtube_id_one": "", "youtube_id_two": ""}}, {"model": "teaching.teacher", "pk": 26, "fields": {"gender": 1, "academic_title": null, "first_name": "Siegfried", "last_name": "Binder", "subject": 23, "user": null, "image": "teachers/images/Binder_Siegfried.png", "email": "", "homepage": "", "phone": "+43", "socialSecurityField": "", "iban": "", "bic": "", "adress_line": "", "house_number": "", "postal_code": "", "city": "", "country": null, "location": null, "bio": "", "youtube_id_one": "", "youtube_id_two": ""}}, {"model": "teaching.teacher", "pk": 27, "fields": {"gender": 2, "academic_title": null, "first_name": "Christiane", "last_name": "Blanckenstein", "subject": 22, "user": null, "image": "teachers/images/Blanckenstein_Christiane.jpg", "email": "", "homepage": "", "phone": "+43", "socialSecurityField": "", "iban": "", "bic": "", "adress_line": "", "house_number": "", "postal_code": "", "city": "", "country": null, "location": null, "bio": "", "youtube_id_one": "", "youtube_id_two": ""}}, {"model": "teaching.teacher", "pk": 28, "fields": {"gender": 2, "academic_title": null, "first_name": "Michaela", "last_name": "Brezovsky", "subject": 54, "user": null, "image": "teachers/images/Brezovsky_Michaela_zo1MpB3.jpg", "email": "", "homepage": "", "phone": "+43", "socialSecurityField": "", "iban": "", "bic": "", "adress_line": "", "house_number": "", "postal_code": "", "city": "", "country": null, "location": null, "bio": "", "youtube_id_one": "", "youtube_id_two": ""}}, {"model": "teaching.teacher", "pk": 31, "fields": {"gender": 2, "academic_title": null, "first_name": "Aurelia", "last_name": "Burckhardt", "subject": 24, "user": null, "image": "teachers/teacher_image_default.svg", "email": "", "homepage": "", "phone": "+43", "socialSecurityField": "", "iban": "", "bic": "", "adress_line": "", "house_number": "", "postal_code": "", "city": "", "country": null, "location": null, "bio": "", "youtube_id_one": "", "youtube_id_two": ""}}, {"model": "teaching.teacher", "pk": 32, "fields": {"gender": 1, "academic_title": null, "first_name": "Florient", "last_name": "Cador", "subject": 21, "user": null, "image": "teachers/images/Cador_Florient.png", "email": "", "homepage": "", "phone": "+43", "socialSecurityField": "", "iban": "", "bic": "", "adress_line": "", "house_number": "", "postal_code": "", "city": "", "country": null, "location": null, "bio": "", "youtube_id_one": "", "youtube_id_two": ""}}, {"model": "teaching.teacher", "pk": 34, "fields": {"gender": 2, "academic_title": null, "first_name": "Angelika", "last_name": "Derkits", "subject": 26, "user": null, "image": "teachers/images/Derkits_Angelika.jpg", "email": "", "homepage": "http://www.zitheristica.at", "phone": "+43", "socialSecurityField": "", "iban": "", "bic": "", "adress_line": "", "house_number": "", "postal_code": "", "city": "", "country": null, "location": null, "bio": "", "youtube_id_one": "", "youtube_id_two": ""}}, {"model": "teaching.teacher", "pk": 35, "fields": {"gender": 1, "academic_title": null, "first_name": "Fabian", "last_name": "Eder", "subject": 27, "user": null, "image": "teachers/teacher_image_default.svg", "email": "", "homepage": "", "phone": "+43", "socialSecurityField": "", "iban": "", "bic": "", "adress_line": "", "house_number": "", "postal_code": "", "city": "", "country": null, "location": null, "bio": "", "youtube_id_one": "", "youtube_id_two": ""}}, {"model": "teaching.teacher", "pk": 36, "fields": {"gender": 1, "academic_title": null, "first_name": "James", "last_name": "Edinberg", "subject": 28, "user": null, "image": "teachers/teacher_image_default.svg", "email": "", "homepage": "", "phone": "+43", "socialSecurityField": "", "iban": "", "bic": "", "adress_line": "", "house_number": "", "postal_code": "", "city": "", "country": null, "location": null, "bio": "", "youtube_id_one": "", "youtube_id_two": ""}}, {"model": "teaching.teacher", "pk": 37, "fields": {"gender": 2, "academic_title": null, "first_name": "Isabel", "last_name": "Ettenauer", "subject": 29, "user": null, "image": "teachers/teacher_image_default.svg", "email": "", "homepage": "http://www.isabelettenauer.com", "phone": "+43", "socialSecurityField": "", "iban": "", "bic": "", "adress_line": "", "house_number": "", "postal_code": "", "city": "", "country": null, "location": null, "bio": "", "youtube_id_one": "", "youtube_id_two": ""}}, {"model": "teaching.teacher", "pk": 38, "fields": {"gender": 1, "academic_title": null, "first_name": "Josef", "last_name": "Fahrngruber", "subject": 30, "user": null, "image": "teachers/teacher_image_default.svg", "email": "", "homepage": "", "phone": "+43", "socialSecurityField": "", "iban": "", "bic": "", "adress_line": "", "house_number": "", "postal_code": "", "city": "", "country": null, "location": null, "bio": "", "youtube_id_one": "", "youtube_id_two": ""}}, {"model": "teaching.teacher", "pk": 39, "fields": {"gender": 2, "academic_title": null, "first_name": "Sieglinde", "last_name": "Ferchner", "subject": 31, "user": null, "image": "teachers/teacher_image_default.svg", "email": "", "homepage": "", "phone": "+43", "socialSecurityField": "", "iban": "", "bic": "", "adress_line": "", "house_number": "", "postal_code": "", "city": "", "country": null, "location": null, "bio": "", "youtube_id_one": "", "youtube_id_two": ""}}, {"model": "teaching.teacher", "pk": 40, "fields": {"gender": 1, "academic_title": null, "first_name": "Michael", "last_name": "Fichtenbaum", "subject": 32, "user": null, "image": "teachers/images/Fichtenbaum_Michael.jpg", "email": "", "homepage": "", "phone": "+43", "socialSecurityField": "", "iban": "", "bic": "", "adress_line": "", "house_number": "", "postal_code": "", "city": "", "country": null, "location": null, "bio": "", "youtube_id_one": "", "youtube_id_two": ""}}, {"model": "teaching.teacher", "pk": 41, "fields": {"gender": 1, "academic_title": null, "first_name": "Fritz", "last_name": "Fischer", "subject": 20, "user": null, "image": "teachers/teacher_image_default.svg", "email": "", "homepage": "", "phone": "+43", "socialSecurityField": "", "iban": "", "bic": "", "adress_line": "", "house_number": "", "postal_code": "", "city": "", "country": null, "location": null, "bio": "", "youtube_id_one": "", "youtube_id_two": ""}}, {"model": "teaching.teacher", "pk": 42, "fields": {"gender": 1, "academic_title": null, "first_name": "Markus", "last_name": "Freist\u00e4tter", "subject": 33, "user": null, "image": "teachers/teacher_image_default.svg", "email": "", "homepage": "", "phone": "+43", "socialSecurityField": "", "iban": "", "bic": "", "adress_line": "", "house_number": "", "postal_code": "", "city": "", "country": null, "location": null, "bio": "", "youtube_id_one": "", "youtube_id_two": ""}}, {"model": "teaching.teacher", "pk": 43, "fields": {"gender": 2, "academic_title": null, "first_name": "Hemma", "last_name": "Geitzenauer", "subject": 18, "user": null, "image": "teachers/teacher_image_default.svg", "email": "", "homepage": "", "phone": "+43", "socialSecurityField": "", "iban": "", "bic": "", "adress_line": "", "house_number": "", "postal_code": "", "city": "", "country": null, "location": null, "bio": "", "youtube_id_one": "", "youtube_id_two": ""}}, {"model": "teaching.teacher", "pk": 45, "fields": {"gender": 2, "academic_title": null, "first_name": "Sabine", "last_name": "Gutternigg-Paul", "subject": 34, "user": null, "image": "teachers/teacher_image_default.svg", "email": "", "homepage": "", "phone": "+43", "socialSecurityField": "", "iban": "", "bic": "", "adress_line": "", "house_number": "", "postal_code": "", "city": "", "country": null, "location": null, "bio": "", "youtube_id_one": "", "youtube_id_two": ""}}, {"model": "teaching.teacher", "pk": 46, "fields": {"gender": 1, "academic_title": null, "first_name": "Harald", "last_name": "Haslinger", "subject": 35, "user": null, "image": "teachers/teacher_image_default.svg", "email": "", "homepage": "", "phone": "+43", "socialSecurityField": "", "iban": "", "bic": "", "adress_line": "", "house_number": "", "postal_code": "", "city": "", "country": null, "location": null, "bio": "", "youtube_id_one": "", "youtube_id_two": ""}}, {"model": "teaching.teacher", "pk": 47, "fields": {"gender": 2, "academic_title": null, "first_name": "Julia", "last_name": "Hechenblaikner", "subject": 36, "user": null, "image": "teachers/teacher_image_default.svg", "email": "", "homepage": "", "phone": "+43", "socialSecurityField": "", "iban": "", "bic": "", "adress_line": "", "house_number": "", "postal_code": "", "city": "", "country": null, "location": null, "bio": "", "youtube_id_one": "", "youtube_id_two": ""}}, {"model": "teaching.teacher", "pk": 49, "fields": {"gender": 2, "academic_title": null, "first_name": "Sabina", "last_name": "Horn", "subject": 37, "user": null, "image": "teachers/teacher_image_default.svg", "email": "", "homepage": "", "phone": "+43", "socialSecurityField": "", "iban": "", "bic": "", "adress_line": "", "house_number": "", "postal_code": "", "city": "", "country": null, "location": null, "bio": "", "youtube_id_one": "", "youtube_id_two": ""}}, {"model": "teaching.teacher", "pk": 50, "fields": {"gender": 2, "academic_title": null, "first_name": "Anastasia", "last_name": "Irmiyaeva", "subject": 38, "user": null, "image": "teachers/teacher_image_default.svg", "email": "", "homepage": "", "phone": "+43", "socialSecurityField": "", "iban": "", "bic": "", "adress_line": "", "house_number": "", "postal_code": "", "city": "", "country": null, "location": null, "bio": "", "youtube_id_one": "", "youtube_id_two": ""}}, {"model": "teaching.teacher", "pk": 51, "fields": {"gender": 2, "academic_title": null, "first_name": "Gerda", "last_name": "Jaeggi", "subject": 39, "user": null, "image": "teachers/teacher_image_default.svg", "email": "", "homepage": "", "phone": "+43", "socialSecurityField": "", "iban": "", "bic": "", "adress_line": "", "house_number": "", "postal_code": "", "city": "", "country": null, "location": null, "bio": "", "youtube_id_one": "", "youtube_id_two": ""}}, {"model": "teaching.teacher", "pk": 52, "fields": {"gender": 1, "academic_title": null, "first_name": "Volker", "last_name": "Kagerer", "subject": 68, "user": null, "image": "teachers/teacher_image_default.svg", "email": "", "homepage": "http://www.volkerkagerer.com", "phone": "+43", "socialSecurityField": "", "iban": "", "bic": "", "adress_line": "", "house_number": "", "postal_code": "", "city": "", "country": null, "location": null, "bio": "", "youtube_id_one": "", "youtube_id_two": ""}}, {"model": "teaching.teacher", "pk": 53, "fields": {"gender": 1, "academic_title": null, "first_name": "Alfred", "last_name": "Kellner", "subject": 66, "user": null, "image": "teachers/images/Alfred_Kellner2017-e1522331351237.jpg", "email": "", "homepage": "", "phone": "+43", "socialSecurityField": "", "iban": "", "bic": "", "adress_line": "", "house_number": "", "postal_code": "", "city": "", "country": null, "location": null, "bio": "", "youtube_id_one": "", "youtube_id_two": ""}}, {"model": "teaching.teacher", "pk": 57, "fields": {"gender": 2, "academic_title": null, "first_name": "Heidrun", "last_name": "Lengersdorff", "subject": 34, "user": null, "image": "teachers/teacher_image_default.svg", "email": "", "homepage": "", "phone": "+43", "socialSecurityField": "", "iban": "", "bic": "", "adress_line": "", "house_number": "", "postal_code": "", "city": "", "country": null, "location": null, "bio": "", "youtube_id_one": "", "youtube_id_two": ""}}, {"model": "teaching.teacher", "pk": 58, "fields": {"gender": 2, "academic_title": null, "first_name": "Katalyn", "last_name": "Lengyelvari", "subject": 42, "user": null, "image": "teachers/teacher_image_default.svg", "email": "", "homepage": "", "phone": "+43", "socialSecurityField": "", "iban": "", "bic": "", "adress_line": "", "house_number": "", "postal_code": "", "city": "", "country": null, "location": null, "bio": "", "youtube_id_one": "", "youtube_id_two": ""}}, {"model": "teaching.teacher", "pk": 59, "fields": {"gender": 1, "academic_title": null, "first_name": "Peter", "last_name": "Lengyelvari", "subject": 43, "user": null, "image": "teachers/teacher_image_default.svg", "email": "", "homepage": "", "phone": "+43", "socialSecurityField": "", "iban": "", "bic": "", "adress_line": "", "house_number": "", "postal_code": "", "city": "", "country": null, "location": null, "bio": "", "youtube_id_one": "", "youtube_id_two": ""}}, {"model": "teaching.teacher", "pk": 60, "fields": {"gender": 1, "academic_title": null, "first_name": "Dieter", "last_name": "Libuda", "subject": 44, "user": null, "image": "teachers/teacher_image_default.svg", "email": "", "homepage": "http://www.dieterlibuda.com", "phone": "+43", "socialSecurityField": "", "iban": "", "bic": "", "adress_line": "", "house_number": "", "postal_code": "", "city": "", "country": null, "location": null, "bio": "", "youtube_id_one": "", "youtube_id_two": ""}}, {"model": "teaching.teacher", "pk": 61, "fields": {"gender": 2, "academic_title": null, "first_name": "Katharina", "last_name": "Lugmayr", "subject": 18, "user": null, "image": "teachers/teacher_image_default.svg", "email": "", "homepage": "", "phone": "+43", "socialSecurityField": "", "iban": "", "bic": "", "adress_line": "", "house_number": "", "postal_code": "", "city": "", "country": null, "location": null, "bio": "", "youtube_id_one": "", "youtube_id_two": ""}}, {"model": "teaching.teacher", "pk": 62, "fields": {"gender": 2, "academic_title": null, "first_name": "Dorothea", "last_name": "Lusser", "subject": 45, "user": null, "image": "teachers/teacher_image_default.svg", "email": "", "homepage": "", "phone": "+43", "socialSecurityField": "", "iban": "", "bic": "", "adress_line": "", "house_number": "", "postal_code": "", "city": "", "country": null, "location": null, "bio": "", "youtube_id_one": "", "youtube_id_two": ""}}, {"model": "teaching.teacher", "pk": 65, "fields": {"gender": 2, "academic_title": null, "first_name": "Petra", "last_name": "Mayerhofer", "subject": 29, "user": null, "image": "teachers/teacher_image_default.svg", "email": "", "homepage": "", "phone": "+43", "socialSecurityField": "", "iban": "", "bic": "", "adress_line": "", "house_number": "", "postal_code": "", "city": "", "country": null, "location": null, "bio": "", "youtube_id_one": "", "youtube_id_two": ""}}, {"model": "teaching.teacher", "pk": 66, "fields": {"gender": 2, "academic_title": null, "first_name": "Angelika", "last_name": "Messner", "subject": 36, "user": null, "image": "teachers/teacher_image_default.svg", "email": "", "homepage": "", "phone": "+43", "socialSecurityField": "", "iban": "", "bic": "", "adress_line": "", "house_number": "", "postal_code": "", "city": "", "country": null, "location": null, "bio": "", "youtube_id_one": "", "youtube_id_two": ""}}, {"model": "teaching.teacher", "pk": 67, "fields": {"gender": 2, "academic_title": null, "first_name": "Nora", "last_name": "Miedler", "subject": 47, "user": null, "image": "teachers/teacher_image_default.svg", "email": "", "homepage": "", "phone": "+43", "socialSecurityField": "", "iban": "", "bic": "", "adress_line": "", "house_number": "", "postal_code": "", "city": "", "country": null, "location": null, "bio": "", "youtube_id_one": "", "youtube_id_two": ""}}, {"model": "teaching.teacher", "pk": 72, "fields": {"gender": 2, "academic_title": null, "first_name": "Cynthia", "last_name": "Ott", "subject": 49, "user": null, "image": "teachers/images/Ott_Cynthia_NmhRwL9.jpg", "email": "", "homepage": "", "phone": "+43", "socialSecurityField": "", "iban": "", "bic": "", "adress_line": "", "house_number": "", "postal_code": "", "city": "", "country": null, "location": null, "bio": "", "youtube_id_one": "", "youtube_id_two": ""}}, {"model": "teaching.teacher", "pk": 73, "fields": {"gender": 1, "academic_title": null, "first_name": "Erich", "last_name": "Ott", "subject": 48, "user": null, "image": "teachers/teacher_image_default.svg", "email": "", "homepage": "", "phone": "+43", "socialSecurityField": "", "iban": "", "bic": "", "adress_line": "", "house_number": "", "postal_code": "", "city": "", "country": null, "location": null, "bio": "", "youtube_id_one": "", "youtube_id_two": ""}}, {"model": "teaching.teacher", "pk": 74, "fields": {"gender": 2, "academic_title": null, "first_name": "Veronika", "last_name": "Polly", "subject": 33, "user": null, "image": "teachers/teacher_image_default.svg", "email": "", "homepage": "", "phone": "+43", "socialSecurityField": "", "iban": "", "bic": "", "adress_line": "", "house_number": "", "postal_code": "", "city": "", "country": null, "location": null, "bio": "", "youtube_id_one": "", "youtube_id_two": ""}}, {"model": "teaching.teacher", "pk": 75, "fields": {"gender": 1, "academic_title": null, "first_name": "Andreas", "last_name": "Prirschl", "subject": 6, "user": null, "image": "teachers/teacher_image_default.svg", "email": "", "homepage": "", "phone": "+43", "socialSecurityField": "", "iban": "", "bic": "", "adress_line": "", "house_number": "", "postal_code": "", "city": "", "country": null, "location": null, "bio": "", "youtube_id_one": "", "youtube_id_two": ""}}, {"model": "teaching.teacher", "pk": 76, "fields": {"gender": 2, "academic_title": null, "first_name": "Silvia", "last_name": "Radobersky", "subject": 50, "user": null, "image": "teachers/teacher_image_default.svg", "email": "", "homepage": "", "phone": "+43", "socialSecurityField": "", "iban": "", "bic": "", "adress_line": "", "house_number": "", "postal_code": "", "city": "", "country": null, "location": null, "bio": "", "youtube_id_one": "", "youtube_id_two": ""}}, {"model": "teaching.teacher", "pk": 77, "fields": {"gender": 2, "academic_title": null, "first_name": "Alexandra", "last_name": "Rappitsch", "subject": 51, "user": null, "image": "teachers/teacher_image_default.svg", "email": "", "homepage": "", "phone": "+43", "socialSecurityField": "", "iban": "", "bic": "", "adress_line": "", "house_number": "", "postal_code": "", "city": "", "country": null, "location": null, "bio": "", "youtube_id_one": "", "youtube_id_two": ""}}, {"model": "teaching.teacher", "pk": 79, "fields": {"gender": 1, "academic_title": null, "first_name": "Manfred", "last_name": "Reschauer", "subject": 2, "user": null, "image": "teachers/teacher_image_default.svg", "email": "", "homepage": "", "phone": "+43", "socialSecurityField": "", "iban": "", "bic": "", "adress_line": "", "house_number": "", "postal_code": "", "city": "", "country": null, "location": null, "bio": "", "youtube_id_one": "", "youtube_id_two": ""}}, {"model": "teaching.teacher", "pk": 80, "fields": {"gender": 2, "academic_title": null, "first_name": "Jeanette", "last_name": "Roeck", "subject": 52, "user": null, "image": "teachers/teacher_image_default.svg", "email": "", "homepage": "http://www.jeanetteroeck.com", "phone": "+43", "socialSecurityField": "", "iban": "", "bic": "", "adress_line": "", "house_number": "", "postal_code": "", "city": "", "country": null, "location": null, "bio": "", "youtube_id_one": "", "youtube_id_two": ""}}, {"model": "teaching.teacher", "pk": 81, "fields": {"gender": 1, "academic_title": null, "first_name": "Juho", "last_name": "Saarinen", "subject": 53, "user": null, "image": "teachers/teacher_image_default.svg", "email": "", "homepage": "", "phone": "+43", "socialSecurityField": "", "iban": "", "bic": "", "adress_line": "", "house_number": "", "postal_code": "", "city": "", "country": null, "location": null, "bio": "", "youtube_id_one": "", "youtube_id_two": ""}}, {"model": "teaching.teacher", "pk": 82, "fields": {"gender": 1, "academic_title": null, "first_name": "Adolf", "last_name": "Schober", "subject": 54, "user": null, "image": "teachers/teacher_image_default.svg", "email": "", "homepage": "", "phone": "+43", "socialSecurityField": "", "iban": "", "bic": "", "adress_line": "", "house_number": "", "postal_code": "", "city": "", "country": null, "location": null, "bio": "", "youtube_id_one": "", "youtube_id_two": ""}}, {"model": "teaching.teacher", "pk": 84, "fields": {"gender": 2, "academic_title": null, "first_name": "Tina", "last_name": "Sch\u00f6ltzke", "subject": 33, "user": null, "image": "teachers/teacher_image_default.svg", "email": "", "homepage": "", "phone": "+43", "socialSecurityField": "", "iban": "", "bic": "", "adress_line": "", "house_number": "", "postal_code": "", "city": "", "country": null, "location": null, "bio": "", "youtube_id_one": "", "youtube_id_two": ""}}, {"model": "teaching.teacher", "pk": 85, "fields": {"gender": 1, "academic_title": null, "first_name": "Georg", "last_name": "Schrattenholzer", "subject": 55, "user": null, "image": "teachers/images/Schrattenholzer_Georg.jpg", "email": "", "homepage": "", "phone": "+43", "socialSecurityField": "", "iban": "", "bic": "", "adress_line": "", "house_number": "", "postal_code": "", "city": "", "country": null, "location": null, "bio": "", "youtube_id_one": "", "youtube_id_two": ""}}, {"model": "teaching.teacher", "pk": 86, "fields": {"gender": 1, "academic_title": null, "first_name": "Szolt", "last_name": "Simon", "subject": 48, "user": null, "image": "teachers/teacher_image_default.svg", "email": "", "homepage": "http://www.simon-trumpet.at", "phone": "+43", "socialSecurityField": "", "iban": "", "bic": "", "adress_line": "", "house_number": "", "postal_code": "", "city": "", "country": null, "location": null, "bio": "", "youtube_id_one": "", "youtube_id_two": ""}}, {"model": "teaching.teacher", "pk": 87, "fields": {"gender": 1, "academic_title": null, "first_name": "Friedrich", "last_name": "Sochurek", "subject": 56, "user": null, "image": "teachers/teacher_image_default.svg", "email": "", "homepage": "", "phone": "+43", "socialSecurityField": "", "iban": "", "bic": "", "adress_line": "", "house_number": "", "postal_code": "", "city": "", "country": null, "location": null, "bio": "", "youtube_id_one": "", "youtube_id_two": ""}}, {"model": "teaching.teacher", "pk": 88, "fields": {"gender": 2, "academic_title": null, "first_name": "Gertrud", "last_name": "Stecher", "subject": 57, "user": null, "image": "teachers/teacher_image_default.svg", "email": "", "homepage": "", "phone": "+43", "socialSecurityField": "", "iban": "", "bic": "", "adress_line": "", "house_number": "", "postal_code": "", "city": "", "country": null, "location": null, "bio": "", "youtube_id_one": "", "youtube_id_two": ""}}, {"model": "teaching.teacher", "pk": 89, "fields": {"gender": 1, "academic_title": null, "first_name": "Hannes", "last_name": "Steindl", "subject": 2, "user": null, "image": "teachers/teacher_image_default.svg", "email": "", "homepage": "", "phone": "+43", "socialSecurityField": "", "iban": "", "bic": "", "adress_line": "", "house_number": "", "postal_code": "", "city": "", "country": null, "location": null, "bio": "", "youtube_id_one": "", "youtube_id_two": ""}}, {"model": "teaching.teacher", "pk": 90, "fields": {"gender": 2, "academic_title": null, "first_name": "Regina", "last_name": "Steinwendtner", "subject": 58, "user": null, "image": "teachers/teacher_image_default.svg", "email": "", "homepage": "", "phone": "+43", "socialSecurityField": "", "iban": "", "bic": "", "adress_line": "", "house_number": "", "postal_code": "", "city": "", "country": null, "location": null, "bio": "", "youtube_id_one": "", "youtube_id_two": ""}}, {"model": "teaching.teacher", "pk": 91, "fields": {"gender": 2, "academic_title": null, "first_name": "Katharina", "last_name": "Strohmayer", "subject": 20, "user": null, "image": "teachers/teacher_image_default.svg", "email": "", "homepage": "", "phone": "+43", "socialSecurityField": "", "iban": "", "bic": "", "adress_line": "", "house_number": "", "postal_code": "", "city": "", "country": null, "location": null, "bio": "", "youtube_id_one": "", "youtube_id_two": ""}}, {"model": "teaching.teacher", "pk": 94, "fields": {"gender": 1, "academic_title": null, "first_name": "Junko", "last_name": "Tsuchiya", "subject": 29, "user": null, "image": "teachers/teacher_image_default.svg", "email": "", "homepage": "", "phone": "+43", "socialSecurityField": "", "iban": "", "bic": "", "adress_line": "", "house_number": "", "postal_code": "", "city": "", "country": null, "location": null, "bio": "", "youtube_id_one": "", "youtube_id_two": ""}}, {"model": "teaching.teacher", "pk": 95, "fields": {"gender": 1, "academic_title": null, "first_name": "Taner", "last_name": "T\u00fcrker", "subject": 59, "user": null, "image": "teachers/teacher_image_default.svg", "email": "", "homepage": "http://www.tanertuerker.at", "phone": "+43", "socialSecurityField": "", "iban": "", "bic": "", "adress_line": "", "house_number": "", "postal_code": "", "city": "", "country": null, "location": null, "bio": "", "youtube_id_one": "", "youtube_id_two": ""}}, {"model": "teaching.teacher", "pk": 96, "fields": {"gender": 2, "academic_title": null, "first_name": "Elizaveta", "last_name": "Trukhanova", "subject": 69, "user": null, "image": "teachers/teacher_image_default.svg", "email": "", "homepage": "", "phone": "+43", "socialSecurityField": "", "iban": "", "bic": "", "adress_line": "", "house_number": "", "postal_code": "", "city": "", "country": null, "location": null, "bio": "", "youtube_id_one": "", "youtube_id_two": ""}}, {"model": "teaching.teacher", "pk": 97, "fields": {"gender": 1, "academic_title": null, "first_name": "Chulpan", "last_name": "Usmanova", "subject": 61, "user": null, "image": "teachers/teacher_image_default.svg", "email": "", "homepage": "", "phone": "+43", "socialSecurityField": "", "iban": "", "bic": "", "adress_line": "", "house_number": "", "postal_code": "", "city": "", "country": null, "location": null, "bio": "", "youtube_id_one": "", "youtube_id_two": ""}}, {"model": "teaching.teacher", "pk": 98, "fields": {"gender": 2, "academic_title": null, "first_name": "Edina", "last_name": "Vami-May", "subject": 62, "user": null, "image": "teachers/teacher_image_default.svg", "email": "", "homepage": "", "phone": "+43", "socialSecurityField": "", "iban": "", "bic": "", "adress_line": "", "house_number": "", "postal_code": "", "city": "", "country": null, "location": null, "bio": "", "youtube_id_one": "", "youtube_id_two": ""}}, {"model": "teaching.teacher", "pk": 99, "fields": {"gender": 2, "academic_title": null, "first_name": "Ruth", "last_name": "Wagner", "subject": 2, "user": null, "image": "teachers/teacher_image_default.svg", "email": "", "homepage": "", "phone": "+43", "socialSecurityField": "", "iban": "", "bic": "", "adress_line": "", "house_number": "", "postal_code": "", "city": "", "country": null, "location": null, "bio": "", "youtube_id_one": "", "youtube_id_two": ""}}, {"model": "teaching.teacher", "pk": 102, "fields": {"gender": 2, "academic_title": null, "first_name": "Birgit", "last_name": "Weinbacher", "subject": 2, "user": null, "image": "teachers/teacher_image_default.svg", "email": "", "homepage": "", "phone": "+43", "socialSecurityField": "", "iban": "", "bic": "", "adress_line": "", "house_number": "", "postal_code": "", "city": "", "country": null, "location": null, "bio": "", "youtube_id_one": "", "youtube_id_two": ""}}, {"model": "teaching.teacher", "pk": 103, "fields": {"gender": 1, "academic_title": null, "first_name": "Franz", "last_name": "Weinbacher", "subject": 63, "user": null, "image": "teachers/teacher_image_default.svg", "email": "", "homepage": "", "phone": "+43", "socialSecurityField": "", "iban": "", "bic": "", "adress_line": "", "house_number": "", "postal_code": "", "city": "", "country": null, "location": null, "bio": "", "youtube_id_one": "", "youtube_id_two": ""}}, {"model": "teaching.teacher", "pk": 104, "fields": {"gender": 2, "academic_title": null, "first_name": "Ursula", "last_name": "Wilhelmer", "subject": 64, "user": null, "image": "teachers/teacher_image_default.svg", "email": "", "homepage": "", "phone": "+43", "socialSecurityField": "", "iban": "", "bic": "", "adress_line": "", "house_number": "", "postal_code": "", "city": "", "country": null, "location": null, "bio": "", "youtube_id_one": "", "youtube_id_two": ""}}, {"model": "teaching.teacher", "pk": 105, "fields": {"gender": 1, "academic_title": null, "first_name": "Ernest", "last_name": "Wurm", "subject": 2, "user": null, "image": "teachers/images/Wurm_Ernest_zmwHT1y.jpeg", "email": "", "homepage": "", "phone": "+43", "socialSecurityField": "", "iban": "", "bic": "", "adress_line": "", "house_number": "", "postal_code": "", "city": "", "country": null, "location": null, "bio": "", "youtube_id_one": "", "youtube_id_two": ""}}, {"model": "teaching.teacher", "pk": 106, "fields": {"gender": 1, "academic_title": null, "first_name": "Renato", "last_name": "Zanella", "subject": 60, "user": null, "image": "teachers/images/Zanella_Renato.jpg", "email": "", "homepage": "", "phone": "+43", "socialSecurityField": "", "iban": "", "bic": "", "adress_line": "", "house_number": "", "postal_code": "", "city": "", "country": null, "location": null, "bio": "", "youtube_id_one": "", "youtube_id_two": ""}}, {"model": "teaching.teacher", "pk": 107, "fields": {"gender": 2, "academic_title": null, "first_name": "Dietlinde", "last_name": "Zeisel", "subject": 38, "user": null, "image": "teachers/images/Zeisel_Dietlinde_CfEOOKA.jpeg", "email": "", "homepage": "", "phone": "+43", "socialSecurityField": "", "iban": "", "bic": "", "adress_line": "", "house_number": "", "postal_code": "", "city": "", "country": null, "location": null, "bio": "", "youtube_id_one": "", "youtube_id_two": ""}}, {"model": "teaching.teacher", "pk": 108, "fields": {"gender": 2, "academic_title": null, "first_name": "Astrid", "last_name": "Engelhardt", "subject": 67, "user": null, "image": "teachers/images/Engelhardt_Astrid.jpg", "email": "", "homepage": "", "phone": "+43", "socialSecurityField": "", "iban": "", "bic": "", "adress_line": "", "house_number": "", "postal_code": "", "city": "", "country": null, "location": null, "bio": "", "youtube_id_one": "", "youtube_id_two": ""}}, {"model": "teaching.teacher", "pk": 109, "fields": {"gender": 2, "academic_title": null, "first_name": "Viktoria", "last_name": "Weber", "subject": 67, "user": null, "image": "teachers/teacher_image_default.svg", "email": "", "homepage": "", "phone": "+43", "socialSecurityField": "", "iban": "", "bic": "", "adress_line": "", "house_number": "", "postal_code": "", "city": "", "country": null, "location": null, "bio": "", "youtube_id_one": "", "youtube_id_two": ""}}]
