[
{
  "model": "dance.teacher",
  "pk": 1,
  "fields": {
    "name": "Marijana Zeisel",
    "email": "marijana.zeisel@musikschule-stp.at"
  }
},
{
  "model": "dance.teacher",
  "pk": 2,
  "fields": {
    "name": "Yulia Bauer",
    "email": "yuliya.bauer@musikschule-stp.at"
  }
},
{
  "model": "dance.teacher",
  "pk": 3,
  "fields": {
    "name": "Chulpan Usmanova",
    "email": "chulpan.usmanova@musikschule-stp.at"
  }
},
{
  "model": "dance.teacher",
  "pk": 4,
  "fields": {
    "name": "Anna Grüssinger",
    "email": "anna.gruessinger@musikschule-stp.at"
  }
},
{
  "model": "dance.teacher",
  "pk": 5,
  "fields": {
    "name": "Katharina Holzweber",
    "email": "katharina.holzweber@musikschule-stp.at"
  }
},
{
  "model": "dance.course",
  "pk": 1,
  "fields": {
    "name": "Vom Plié zur Pirouette 1",
    "teacher": 1,
    "age_group": "8-11 Jahre",
    "description": "Erleben Sie die Grundlagen der Vaganova-Methode, die sich durch eine schülerzentrierte Arbeitsweise auszeichnet. Kinder und Jugendliche erlernen nicht nur die Ursprünge des klassischen Balletts, sondern haben auch die Möglichkeit, ihre künstlerische Ausdrucksfähigkeit und Bühnenpräsenz zu entwickeln. Unabhängig davon, ob Anfänger:in oder erfahrene Tänzer:in, wir heißen alle willkommen, die die Schönheit und Disziplin des klassischen Balletts erkunden möchten."
  }
},
{
  "model": "dance.course",
  "pk": 2,
  "fields": {
    "name": "Vom Plié zur Pirouette 2",
    "teacher": 1,
    "age_group": "11-14 Jahre",
    "description": "Erleben Sie die Grundlagen der Vaganova-Methode, die sich durch eine schülerzentrierte Arbeitsweise auszeichnet. Kinder und Jugendliche erlernen nicht nur die Ursprünge des klassischen Balletts, sondern haben auch die Möglichkeit, ihre künstlerische Ausdrucksfähigkeit und Bühnenpräsenz zu entwickeln. Unabhängig davon, ob Anfänger:in oder erfahrene Tänzer:in, wir heißen alle willkommen, die die Schönheit und Disziplin des klassischen Balletts erkunden möchten."
  }
},
{
  "model": "dance.course",
  "pk": 3,
  "fields": {
    "name": "Vom Plié zur Pirouette 3",
    "teacher": 1,
    "age_group": "15-25 Jahre",
    "description": "Erleben Sie die Grundlagen der Vaganova-Methode, die sich durch eine schülerzentrierte Arbeitsweise auszeichnet. Kinder und Jugendliche erlernen nicht nur die Ursprünge des klassischen Balletts, sondern haben auch die Möglichkeit, ihre künstlerische Ausdrucksfähigkeit und Bühnenpräsenz zu entwickeln. Unabhängig davon, ob Anfänger:in oder erfahrene Tänzer:in, wir heißen alle willkommen, die die Schönheit und Disziplin des klassischen Balletts erkunden möchten."
  }
},
{
  "model": "dance.course",
  "pk": 4,
  "fields": {
    "name": "Kreativer Ausdruckstanz",
    "teacher": 1,
    "age_group": "15-25 Jahre",
    "description": "Dieser Kurs zeigt, wie Geschichten in bewegende Kunstwerke umgesetzt werden können. Egal, ob es sich um wahre Erlebnisse, erfundene Ereignisse, bildhafte Geschichten oder persönliche Erfahrungen handelt; sie alle können als Impuls dienen, damit die Schüler:innen lernen, sich in einer bewegten Sprache auszudrücken, die über Worte hinausgeht. Das Endprodukt sind Choreografien, die im Moment entstehen und die künstlerische Stimme zum Ausdruck bringen."
  }
},
{
  "model": "dance.course",
  "pk": 5,
  "fields": {
    "name": "Kindertanz 1",
    "teacher": 1,
    "age_group": "4-5 Jahre",
    "description": "Dieser Kurs fördert die körperliche und kreative Entwicklung von Kindern. In spielerischer Atmosphäre lernen sie Tanzgrundlagen und nutzen ihre Fantasie. Ziele des Kurses sind die motorischen Fähigkeiten und die Körperkoordination zu verbessern, die Vorstellungskraft zu fördern, Selbstbewusstsein zu stärken und Musikbegeisterung zu entwickeln."
  }
},
{
  "model": "dance.course",
  "pk": 6,
  "fields": {
    "name": "Kindertanz 4",
    "teacher": 1,
    "age_group": "7-8 Jahre",
    "description": "In diesem Kurs werden Kinder intensiv auf die Kunst des Tanzes vorbereitet. Bodenübungen stärken den Körper und fördern das Verständnis der Muskelfunktion. Vielfältige Bewegungen im Raum schulen die Koordination und den Rhythmus."
  }
},
{
  "model": "dance.course",
  "pk": 7,
  "fields": {
    "name": "Kindertanz 2",
    "teacher": 2,
    "age_group": "5-6 Jahre",
    "description": "Erfahren Sie, wie Kinder Bewegungsrhythmen koordinieren und verstehen lernen. Der Kurs vermittelt Konzepte zur räumlichen Orientierung und integriert leichte Bewegungen zur Stärkung und Entwicklung der Haltung."
  }
},
{
  "model": "dance.course",
  "pk": 8,
  "fields": {
    "name": "Kindertanz 4",
    "teacher": 2,
    "age_group": "7-8 Jahre",
    "description": "In diesem Kurs werden Kinder intensiv auf die Kunst des Tanzes vorbereitet. Bodenübungen stärken den Körper und fördern das Verständnis der Muskelfunktion. Vielfältige Bewegungen im Raum schulen die Koordination und den Rhythmus."
  }
},
{
  "model": "dance.course",
  "pk": 9,
  "fields": {
    "name": "Modern 1",
    "teacher": 2,
    "age_group": "8-10 Jahre",
    "description": "Dieser Kurs umfasst zwei Richtungen des Jazztanzes: klassisch und modern. Kinder lernen, ihren Körper zu koordinieren und zu kontrollieren, sowohl bei langsamer als auch bei schneller Musik. Intensive Stärkung aller Muskeln des Körpers fördert die künstlerische Entwicklung und Wahrnehmung."
  }
},
{
  "model": "dance.course",
  "pk": 10,
  "fields": {
    "name": "Modern 2",
    "teacher": 2,
    "age_group": "10-14 Jahre",
    "description": "Dieser Kurs konzentriert sich auf moderne Tanzstile und -techniken, darunter Modern Dance. Schüler:innen haben die Möglichkeit, ihre Fähigkeiten in einer Tanzgruppe zu entwickeln und sich kreativ auszudrücken, während sie sich in die Welt des modernen Tanzes vertiefen."
  }
},
{
  "model": "dance.course",
  "pk": 11,
  "fields": {
    "name": "Musical Dance I",
    "teacher": 2,
    "age_group": "8-14 Jahre",
    "description": "Der Musical-Tanz vereint viele Richtungen der Choreographie. Jazz, Modern, Klassik. Geeignet für Kinder und Jugendliche, die bereits Gesangsunterricht nehmen. Es ist eine ausgezeichnete Ergänzung und fördert die Lockerheit beim Singen und dramatischen Spielen. Im Kurs werden Szenen aus bekannten Musicals verwendet."
  }
},
{
  "model": "dance.course",
  "pk": 12,
  "fields": {
    "name": "Musical Dance II",
    "teacher": 2,
    "age_group": "15-25 Jahre",
    "description": "Der Musical-Tanz vereint viele Richtungen der Choreographie. Jazz, Modern, Klassik. Geeignet für Kinder und Jugendliche, die bereits Gesangsunterricht nehmen. Es ist eine ausgezeichnete Ergänzung und fördert die Lockerheit beim Singen und dramatischen Spielen. Im Kurs werden Szenen aus bekannten Musicals verwendet."
  }
},
{
  "model": "dance.course",
  "pk": 13,
  "fields": {
    "name": "Kindertanz 3a",
    "teacher": 3,
    "age_group": "6-7 Jahre",
    "description": "Tauchen Sie spielerisch in die Welt des Tanzes ein. Dieser Kurs bietet den 6-7-Jährigen einen erlebnisreichen Einstieg. Von Spannung und Entspannung bis hin zum Rhythmusgefühl legen wir hier den Grundstein für eine lebenslange Liebe zum Tanz. Die Kinder werden nicht nur tanzen, sondern auch die Musik und die Bedeutung hinter jeder Bewegung verstehen lernen."
  }
},
{
  "model": "dance.course",
  "pk": 14,
  "fields": {
    "name": "Kindertanz 3c",
    "teacher": 3,
    "age_group": "6-7 Jahre",
    "description": "Ein spielerischer Einstieg für die 6-7-Jährigen in die Welt des Tanzes. Von Spannung und Entspannung bis hin zu Rhythmusgefühl legen wir hier den Grundstein für eine lebenslange Liebe zum Tanz. Die Kinder werden nicht nur tanzen, sondern auch die Musik und die Bedeutung hinter jeder Bewegung verstehen lernen."
  }
},
{
  "model": "dance.course",
  "pk": 15,
  "fields": {
    "name": "Kindertanz 4",
    "teacher": 3,
    "age_group": "7-8 Jahre",
    "description": "In diesem Kurs werden Kinder intensiv auf die Kunst des Tanzes vorbereitet. Bodenübungen stärken den Körper und fördern das Verständnis der Muskelfunktion. Vielfältige Bewegungen im Raum schulen die Koordination und den Rhythmus."
  }
},
{
  "model": "dance.course",
  "pk": 16,
  "fields": {
    "name": "Tanzkurs",
    "teacher": 3,
    "age_group": "15-25 Jahre",
    "description": "Jugendliche tauchen in die faszinierende Welt des klassischen Tanzes ein. Basierend auf traditionellen Methoden erlernen sie die Kunst der Bewegung an der Stange, in der Raummitte, beim Drehen und Springen. Der Kurs fördert sowohl die technische Perfektion als auch das künstlerische Ausdrucksvermögen der Teilnehmer:innen."
  }
},
{
  "model": "dance.course",
  "pk": 17,
  "fields": {
    "name": "Historischer Charaktertanz",
    "teacher": 3,
    "age_group": "10-24 Jahre",
    "description": "Tauchen Sie ein in die faszinierende Welt des Tanzes von historischen Tänzen bis hin zu volkstümlichen Charaktertänzen. Der Kurs bietet die einzigartige Gelegenheit, Elemente aus den Tanzstilen des 17., 18. und 19. Jahrhunderts zu erlernen."
  }
},
{
  "model": "dance.course",
  "pk": 18,
  "fields": {
    "name": "Zwergerl-Tanz",
    "teacher": 4,
    "age_group": "Ab 3,5 Jahren",
    "description": "Beim Zwergerl-Tanz suchen und entdecken die Allerjüngsten die abwechslungsreichen Möglichkeiten des eigenen künstlerischen Ausdrucks – von Körper und Stimme über Rhythmus und Musik. In unserem tänzerischen Miteinander machen wir große Sprünge, lauschen leisen Tönen, rennen und schleichen. Kinder im Kindergartenalter (ab 3,5 Jahren) entdecken die eigene Bewegungsvielfalt und erforschen in spielerischer Form und auf ungezwungene Weise die Elemente des Tanzes."
  }
},
{
  "model": "dance.course",
  "pk": 19,
  "fields": {
    "name": "Modern Mix Kids",
    "teacher": 4,
    "age_group": "6-10 Jahre",
    "description": "Hier geht es um die Freude an der Bewegung und um Lust, neue, energiegeladene, motivierende Musik in allen Fasern unseres Körpers zu spüren. Das abwechslungsreiche Programm besteht aus altersgemäßem tanztechnischem Training mit Übungen und Bewegungsabläufen aus verschiedenen modernen Tanzstilen, u.a. Hiphop kombiniert mit zeitgenössischen Tanzelementen und einfachen akrobatischen Elementen am Boden oder mit dem Partner. Das wird ein Spaß!"
  }
},
{
  "model": "dance.course",
  "pk": 20,
  "fields": {
    "name": "Zeitgenössischer Tanz - Fokus Improvisation & Tanztheater",
    "teacher": 4,
    "age_group": "10+",
    "description": "Nach einem dynamischen Warm-up ist der Körper warm und bereit, sich verschiedenen tanztechnischen Themen zu widmen: vom Schwingen bis hin zum Springen, vom Rollen bis hin zum Fallen. Beweglichkeit, Kraft, Körperspannung und Ausdruck werden trainiert, unterschiedliche Bewegungsqualitäten ausprobiert, um den Raum mit Energie zu füllen. Der Unterricht bietet Raum für individuellen Ausdruck durch Improvisation und das Kreieren eigener tänzerischer Gestaltungen, die zu einem Bühnenstück zusammengefügt werden."
  }
},
{
  "model": "dance.course",
  "pk": 21,
  "fields": {
    "name": "Funky Moves Minis",
    "teacher": 5,
    "age_group": "6-7 Jahre",
    "description": "Hier geht es um die Freude an der Bewegung und um Lust, neue, energiegeladene, motivierende Musik in allen Fasern unseres Körpers zu spüren. Das abwechslungsreiche Programm besteht aus altersgemäßem tanztechnischem Training mit Übungen und Bewegungsabläufen aus verschiedenen modernen Tanzstilen, u.a. Hiphop kombiniert mit zeitgenössischen Tanzelementen und einfachen akrobatischen Elementen am Boden oder mit dem Partner. Das wird ein Spaß!"
  }
},
{
  "model": "dance.course",
  "pk": 22,
  "fields": {
    "name": "Funky Moves I",
    "teacher": 5,
    "age_group": "7-8 Jahre",
    "description": "Hier geht es um die Freude an der Bewegung und um Lust, neue, energiegeladene, motivierende Musik in allen Fasern unseres Körpers zu spüren. Das abwechslungsreiche Programm besteht aus altersgemäßem tanztechnischem Training mit Übungen und Bewegungsabläufen aus verschiedenen modernen Tanzstilen, u.a. Hiphop kombiniert mit zeitgenössischen Tanzelementen und einfachen akrobatischen Elementen am Boden oder mit dem Partner. Das wird ein Spaß!"
  }
},
{
  "model": "dance.course",
  "pk": 23,
  "fields": {
    "name": "Zeitgenössischer Tanz - Fokus Choreografie I",
    "teacher": 5,
    "age_group": "11+",
    "description": "Wir wärmen uns gemeinsam auf, dehnen und kräftigen und feilen an unserer tänzerischen Technik: Dazu gehören Arm- und Beintechnik, Drehungen, Sprünge sowie verschiedene zeitgenössische Bewegungsabläufe auf Bodenebene. Der Fokus des Kurses liegt am Erlernen von verschiedenen zeitgenössischen Choreografien, die über mehrere Einheiten erarbeitet und schließlich auf die Bühne gebracht werden."
  }
},
{
  "model": "dance.course",
  "pk": 24,
  "fields": {
    "name": "Zeitgenössischer Tanz - Fokus Choreografie II",
    "teacher": 5,
    "age_group": "15+",
    "description": "Wir wärmen uns gemeinsam auf, dehnen und kräftigen und feilen an unserer tänzerischen Technik: Dazu gehören Arm- und Beintechnik, Drehungen, Sprünge sowie verschiedene zeitgenössische Bewegungsabläufe auf Bodenebene. Der Fokus des Kurses liegt am Erlernen von verschiedenen zeitgenössischen Choreografien, die über mehrere Einheiten erarbeitet und schließlich auf die Bühne gebracht werden."
  }
},
{
  "model": "dance.timeslot",
  "pk": 1,
  "fields": {
    "course": 1,
    "day": "Montag",
    "start_time": "15:30:00",
    "end_time": "17:00:00",
    "studio": null,
    "location": "Campus"
  }
},
{
  "model": "dance.timeslot",
  "pk": 2,
  "fields": {
    "course": 1,
    "day": "Mittwoch",
    "start_time": "15:30:00",
    "end_time": "17:00:00",
    "studio": null,
    "location": "Campus"
  }
},
{
  "model": "dance.timeslot",
  "pk": 3,
  "fields": {
    "course": 2,
    "day": "Montag",
    "start_time": "17:00:00",
    "end_time": "18:30:00",
    "studio": null,
    "location": "Campus"
  }
},
{
  "model": "dance.timeslot",
  "pk": 4,
  "fields": {
    "course": 2,
    "day": "Mittwoch",
    "start_time": "17:00:00",
    "end_time": "18:30:00",
    "studio": null,
    "location": "Campus"
  }
},
{
  "model": "dance.timeslot",
  "pk": 5,
  "fields": {
    "course": 3,
    "day": "Montag",
    "start_time": "18:30:00",
    "end_time": "20:00:00",
    "studio": null,
    "location": "Campus"
  }
},
{
  "model": "dance.timeslot",
  "pk": 6,
  "fields": {
    "course": 3,
    "day": "Mittwoch",
    "start_time": "18:30:00",
    "end_time": "20:00:00",
    "studio": null,
    "location": "Campus"
  }
},
{
  "model": "dance.timeslot",
  "pk": 7,
  "fields": {
    "course": 4,
    "day": "Freitag",
    "start_time": "17:00:00",
    "end_time": "19:00:00",
    "studio": null,
    "location": "Campus"
  }
},
{
  "model": "dance.timeslot",
  "pk": 8,
  "fields": {
    "course": 5,
    "day": "Dienstag",
    "start_time": "14:00:00",
    "end_time": "15:00:00",
    "studio": null,
    "location": "Campus"
  }
},
{
  "model": "dance.timeslot",
  "pk": 9,
  "fields": {
    "course": 6,
    "day": "Dienstag",
    "start_time": "15:30:00",
    "end_time": "17:00:00",
    "studio": null,
    "location": "Campus"
  }
},
{
  "model": "dance.timeslot",
  "pk": 10,
  "fields": {
    "course": 6,
    "day": "Freitag",
    "start_time": "15:30:00",
    "end_time": "17:00:00",
    "studio": null,
    "location": "Campus"
  }
},
{
  "model": "dance.timeslot",
  "pk": 11,
  "fields": {
    "course": 7,
    "day": "Mittwoch",
    "start_time": "14:15:00",
    "end_time": "15:30:00",
    "studio": null,
    "location": "Campus"
  }
},
{
  "model": "dance.timeslot",
  "pk": 12,
  "fields": {
    "course": 8,
    "day": "Dienstag",
    "start_time": "15:30:00",
    "end_time": "17:00:00",
    "studio": null,
    "location": "Campus"
  }
},
{
  "model": "dance.timeslot",
  "pk": 13,
  "fields": {
    "course": 8,
    "day": "Donnerstag",
    "start_time": "15:30:00",
    "end_time": "17:00:00",
    "studio": null,
    "location": "Campus"
  }
},
{
  "model": "dance.timeslot",
  "pk": 14,
  "fields": {
    "course": 9,
    "day": "Montag",
    "start_time": "15:30:00",
    "end_time": "17:00:00",
    "studio": null,
    "location": "Campus"
  }
},
{
  "model": "dance.timeslot",
  "pk": 15,
  "fields": {
    "course": 9,
    "day": "Mittwoch",
    "start_time": "15:30:00",
    "end_time": "17:00:00",
    "studio": null,
    "location": "Campus"
  }
},
{
  "model": "dance.timeslot",
  "pk": 16,
  "fields": {
    "course": 10,
    "day": "Montag",
    "start_time": "17:00:00",
    "end_time": "18:30:00",
    "studio": null,
    "location": "Campus"
  }
},
{
  "model": "dance.timeslot",
  "pk": 17,
  "fields": {
    "course": 10,
    "day": "Donnerstag",
    "start_time": "17:00:00",
    "end_time": "18:30:00",
    "studio": null,
    "location": "Campus"
  }
},
{
  "model": "dance.timeslot",
  "pk": 18,
  "fields": {
    "course": 11,
    "day": "Dienstag",
    "start_time": "18:30:00",
    "end_time": "20:00:00",
    "studio": null,
    "location": "Campus"
  }
},
{
  "model": "dance.timeslot",
  "pk": 19,
  "fields": {
    "course": 12,
    "day": "Donnerstag",
    "start_time": "18:30:00",
    "end_time": "20:00:00",
    "studio": null,
    "location": "Campus"
  }
},
{
  "model": "dance.timeslot",
  "pk": 20,
  "fields": {
    "course": 13,
    "day": "Dienstag",
    "start_time": "14:00:00",
    "end_time": "15:30:00",
    "studio": null,
    "location": "Kulturhaus Wagram"
  }
},
{
  "model": "dance.timeslot",
  "pk": 21,
  "fields": {
    "course": 13,
    "day": "Donnerstag",
    "start_time": "15:30:00",
    "end_time": "17:00:00",
    "studio": null,
    "location": "Kulturhaus Wagram"
  }
},
{
  "model": "dance.timeslot",
  "pk": 22,
  "fields": {
    "course": 14,
    "day": "Montag",
    "start_time": "14:00:00",
    "end_time": "15:30:00",
    "studio": null,
    "location": "Kulturhaus Wagram"
  }
},
{
  "model": "dance.timeslot",
  "pk": 23,
  "fields": {
    "course": 14,
    "day": "Freitag",
    "start_time": "14:00:00",
    "end_time": "15:30:00",
    "studio": null,
    "location": "Kulturhaus Wagram"
  }
},
{
  "model": "dance.timeslot",
  "pk": 24,
  "fields": {
    "course": 15,
    "day": "Mittwoch",
    "start_time": "14:00:00",
    "end_time": "15:30:00",
    "studio": null,
    "location": "Kulturhaus Wagram"
  }
},
{
  "model": "dance.timeslot",
  "pk": 25,
  "fields": {
    "course": 15,
    "day": "Freitag",
    "start_time": "15:30:00",
    "end_time": "17:00:00",
    "studio": null,
    "location": "Kulturhaus Wagram"
  }
},
{
  "model": "dance.timeslot",
  "pk": 26,
  "fields": {
    "course": 16,
    "day": "Dienstag",
    "start_time": "18:30:00",
    "end_time": "20:00:00",
    "studio": null,
    "location": "Kulturhaus Wagram"
  }
},
{
  "model": "dance.timeslot",
  "pk": 27,
  "fields": {
    "course": 16,
    "day": "Donnerstag",
    "start_time": "18:30:00",
    "end_time": "20:00:00",
    "studio": null,
    "location": "Kulturhaus Wagram"
  }
},
{
  "model": "dance.timeslot",
  "pk": 28,
  "fields": {
    "course": 17,
    "day": "Donnerstag",
    "start_time": "17:00:00",
    "end_time": "18:30:00",
    "studio": null,
    "location": "Kulturhaus Wagram"
  }
},
{
  "model": "dance.timeslot",
  "pk": 29,
  "fields": {
    "course": 18,
    "day": "Donnerstag",
    "start_time": "14:30:00",
    "end_time": "15:20:00",
    "studio": null,
    "location": "Kulturhaus Spratzern"
  }
},
{
  "model": "dance.timeslot",
  "pk": 30,
  "fields": {
    "course": 19,
    "day": "Donnerstag",
    "start_time": "15:30:00",
    "end_time": "16:45:00",
    "studio": null,
    "location": "Kulturhaus Spratzern"
  }
},
{
  "model": "dance.timeslot",
  "pk": 31,
  "fields": {
    "course": 20,
    "day": "Donnerstag",
    "start_time": "17:00:00",
    "end_time": "18:30:00",
    "studio": null,
    "location": "Kulturhaus Spratzern"
  }
},
{
  "model": "dance.timeslot",
  "pk": 32,
  "fields": {
    "course": 21,
    "day": "Mittwoch",
    "start_time": "14:30:00",
    "end_time": "15:20:00",
    "studio": null,
    "location": "Kulturhaus Spratzern"
  }
},
{
  "model": "dance.timeslot",
  "pk": 33,
  "fields": {
    "course": 22,
    "day": "Mittwoch",
    "start_time": "15:30:00",
    "end_time": "16:30:00",
    "studio": null,
    "location": "Kulturhaus Spratzern"
  }
},
{
  "model": "dance.timeslot",
  "pk": 34,
  "fields": {
    "course": 23,
    "day": "Mittwoch",
    "start_time": "16:30:00",
    "end_time": "18:00:00",
    "studio": null,
    "location": "Kulturhaus Spratzern"
  }
},
{
  "model": "dance.timeslot",
  "pk": 35,
  "fields": {
    "course": 24,
    "day": "Mittwoch",
    "start_time": "18:15:00",
    "end_time": "19:45:00",
    "studio": null,
    "location": "Kulturhaus Spratzern"
  }
}
]
