[
  {
    "model": "dance.teacher",
    "pk": 1,
    "fields": {
      "name": "Marijana Zeisel",
      "email": "marijana.zeisel@musikschule-stp.at"
    }
  },
  {
    "model": "dance.teacher",
    "pk": 2,
    "fields": {
      "name": "Yulia Bauer",
      "email": "yuliya.bauer@musikschule-stp.at"
    }
  },
  {
    "model": "dance.teacher",
    "pk": 3,
    "fields": {
      "name": "Chulpan Usmanova",
      "email": "chulpan.usmanova@musikschule-stp.at"
    }
  },
  {
    "model": "dance.teacher",
    "pk": 4,
    "fields": {
      "name": "Anna Grüssinger",
      "email": "anna.gruessinger@musikschule-stp.at"
    }
  },
  {
    "model": "dance.teacher",
    "pk": 5,
    "fields": {
      "name": "Katharina Holzweber",
      "email": "katharina.holzweber@musikschule-stp.at"
    }
  },
  {
    "model": "dance.course",
    "pk": 1,
    "fields": {
      "name": "Vom Plié zur Pirouette 2 *",
      "teacher": 1,
      "age_group": "10-14 Jahre",
      "description": "Erleben Sie die Grundlagen der Vaganova-Methode, die sich durch eine schülerzentrierte Arbeitsweise auszeichnet. Kinder und Jugendliche erlernen nicht nur die Ursprünge des klassischen Balletts, sondern haben auch die Möglichkeit, ihre künstlerische Ausdrucksfähigkeit und Bühnenpräsenz zu entwickeln. Unabhängig davon, ob Anfänger:in oder erfahrene Tänzer:in, wir heißen alle willkommen, die die Schönheit und Disziplin des klassischen Balletts erkunden möchten."
    }
  },
  {
    "model": "dance.course",
    "pk": 2,
    "fields": {
      "name": "Vom Plié zur Pirouette 3 *",
      "teacher": 1,
      "age_group": "15-25 Jahre",
      "description": "Erleben Sie die Grundlagen der Vaganova-Methode, die sich durch eine schülerzentrierte Arbeitsweise auszeichnet. Kinder und Jugendliche erlernen nicht nur die Ursprünge des klassischen Balletts, sondern haben auch die Möglichkeit, ihre künstlerische Ausdrucksfähigkeit und Bühnenpräsenz zu entwickeln. Unabhängig davon, ob Anfänger:in oder erfahrene Tänzer:in, wir heißen alle willkommen, die die Schönheit und Disziplin des klassischen Balletts erkunden möchten."
    }
  },
  {
    "model": "dance.course",
    "pk": 3,
    "fields": {
      "name": "Kreativer Ausdruckstanz ",
      "teacher": 1,
      "age_group": "15-25 Jahre",
      "description": "Dieser Kurs zeigt, wie Geschichten in bewegende Kunstwerke umgesetzt werden können. Egal, ob es sich um wahre Erlebnisse, erfundene Ereignisse, bildhafte Geschichten oder persönliche Erfahrungen handelt; sie alle können als Impuls dienen, damit die Schüler:innen lernen, sich in einer bewegten Sprache auszudrücken, die über Worte hinausgeht. Das Endprodukt sind Choreografien, die im Moment entstehen und die künstlerische Stimme zum Ausdruck bringen."
    }
  },
  {
    "model": "dance.course",
    "pk": 4,
    "fields": {
      "name": "Tanztheorie I E",
      "teacher": 1,
      "age_group": "8-14 Jahre",
      "description": "In diesem Kurs werden die Grundlagen der Tanztheorie vermittelt – mit besonderem Fokus auf das klassische Ballett. Die Teilnehmenden lernen Fachbegriffe, Bewegungsanalysen, Körperlinien und die historische Entwicklung des Balletts kennen. Ziel ist es, das Verständnis für Technik, Ausdruck und Struktur des klassischen Tanzes zu vertiefen und das praktische Training theoretisch zu untermauern."
    }
  },
  {
    "model": "dance.course",
    "pk": 5,
    "fields": {
      "name": "Tanztheorie II E",
      "teacher": 1,
      "age_group": "15-25 Jahre",
      "description": "In diesem Kurs werden die Grundlagen der Tanztheorie vermittelt – mit besonderem Fokus auf das klassische Ballett. Die Teilnehmenden lernen Fachbegriffe, Bewegungsanalysen, Körperlinien und die historische Entwicklung des Balletts kennen. Ziel ist es, das Verständnis für Technik, Ausdruck und Struktur des klassischen Tanzes zu vertiefen und das praktische Training theoretisch zu untermauern."
    }
  },
  {
    "model": "dance.course",
    "pk": 6,
    "fields": {
      "name": "Kindertanz 1a",
      "teacher": 1,
      "age_group": "4-5 Jahre",
      "description": "Dieser Kurs fördert die körperliche und kreative Entwicklung von Kindern. In spielerischer Atmosphäre lernen sie Tanzgrundlagen und nutzen ihre Fantasie. Ziele des Kurses sind die motorischen Fähigkeiten und die Körperkoordination zu verbessern, die Vorstellungskraft zu fördern, Selbstbewusstsein zu stärken und Musikbegeisterung zu entwickeln."
    }
  },
  {
    "model": "dance.course",
    "pk": 7,
    "fields": {
      "name": "Kindertanz 1b",
      "teacher": 3,
      "age_group": "4-5 Jahre",
      "description": "Dieser Kurs fördert die körperliche und kreative Entwicklung von Kindern. In spielerischer Atmosphäre lernen sie Tanzgrundlagen und nutzen ihre Fantasie. Ziele des Kurses sind die motorischen Fähigkeiten und die Körperkoordination zu verbessern, die Vorstellungskraft zu fördern, Selbstbewusstsein zu stärken und Musikbegeisterung zu entwickeln."
    }
  },
  {
    "model": "dance.course",
    "pk": 8,
    "fields": {
      "name": "Kindertanz 3b *",
      "teacher": 1,
      "age_group": "6-7 Jahre",
      "description": "In diesem Kurs werden Kinder intensiv auf die Kunst des Tanzes vorbereitet. Bodenübungen stärken den Körper und fördern das Verständnis der Muskelfunktion. Vielfältige Bewegungen im Raum schulen die Koordination und den Rhythmus."
    }
  },
  {
    "model": "dance.course",
    "pk": 9,
    "fields": {
      "name": "Kindertanz 3a *",
      "teacher": 2,
      "age_group": "6-7 Jahre",
      "description": "Erfahren Sie, wie Kinder Bewegungsrhythmen koordinieren und verstehen lernen. Der Kurs vermittelt Konzepte zur räumlichen Orientierung und integriert leichte Bewegungen zur Stärkung und Entwicklung der Haltung."
    }
  },
  {
    "model": "dance.course",
    "pk": 10,
    "fields": {
      "name": "Modern 1 *",
      "teacher": 2,
      "age_group": "8-10 Jahre",
      "description": "Dieser Kurs umfasst zwei Richtungen des Jazztanzes: klassisch und modern. Kinder lernen, ihren Körper zu koordinieren und zu kontrollieren, sowohl bei langsamer als auch bei schneller Musik. Intensive Stärkung aller Muskeln des Körpers fördert die künstlerische Entwicklung und Wahrnehmung."
    }
  },
  {
    "model": "dance.course",
    "pk": 11,
    "fields": {
      "name": "Modern 2 *",
      "teacher": 2,
      "age_group": "10-12 Jahre",
      "description": "Dieser Kurs konzentriert sich auf moderne Tanzstile und -techniken, darunter Modern Dance. Schüler:innen haben die Möglichkeit, ihre Fähigkeiten in einer Tanzgruppe zu entwickeln und sich kreativ auszudrücken, während sie sich in die Welt des modernen Tanzes vertiefen."
    }
  },
  {
    "model": "dance.course",
    "pk": 12,
    "fields": {
      "name": "Modern 3*",
      "teacher": 2,
      "age_group": "12-15 Jahre",
      "description": "Dieser Kurs konzentriert sich auf fortgeschrittene moderne Tanzstile und -techniken. Die Schüler:innen entwickeln ihre Fähigkeiten in Contemporary Dance, Jazz und Modern weiter und vertiefen ihr Verständnis für Ausdrucksmöglichkeiten im modernen Tanz."
    }
  },
  {
    "model": "dance.course",
    "pk": 13,
    "fields": {
      "name": "Modern 4 *",
      "teacher": 2,
      "age_group": "15-24 Jahre",
      "description": "Ein fortgeschrittener Kurs für moderne Tanzstile und -techniken. Die Teilnehmer:innen arbeiten an komplexen Choreografien und verfeinern ihre Ausdrucksfähigkeit im modernen Tanz auf einem anspruchsvollen Niveau."
    }
  },
  {
    "model": "dance.course",
    "pk": 14,
    "fields": {
      "name": "Musical Dance",
      "teacher": 2,
      "age_group": "14+",
      "description": "Der Musical-Tanz vereint viele Richtungen der Choreographie. Jazz, Modern, Klassik. Der Kurs fördert die Lockerheit beim Singen und dramatischen Spielen und arbeitet mit Szenen aus bekannten Musicals."
    }
  },
  {
    "model": "dance.course",
    "pk": 15,
    "fields": {
      "name": "MTV Dance",
      "teacher": 2,
      "age_group": "12-15 Jahre",
      "description": "Der Kurs „MTV Tanz“ ist ein energiegeladenes und modernes Tanzprogramm, das sich speziell an Jugendliche richtet, die moderne Tanzstile erlernen und den Rhythmus der Popkultur erleben möchten. In diesem Kurs bekommen die Teilnehmer die Möglichkeit, verschiedene Tanzrichtungen wie Hip-Hop, Streetdance, moderne Choreografie und Freestyle kennenzulernen. Dabei steht nicht nur das Erlernen von Schritten im Vordergrund, sondern auch die Entwicklung eines eigenen Tanzstils. Das Programm kombiniert theoretische Grundlagen mit praktischen Trainingseinheiten. Egal ob mit Vorerfahrung oder als Einsteiger – der Kurs bietet Jugendlichen einen kreativen Raum, um sich tänzerisch auszuprobieren und weiterzuentwickeln."
    }
  },
  {
    "model": "dance.course",
    "pk": 16,
    "fields": {
      "name": "Tanzkurs 1a *",
      "teacher": 3,
      "age_group": "8-10 Jahre",
      "description": "Hier werden die Kinder die ersten Basiselementen der klassischen Tanztechnik an der Stange und in der Mitte erlernen. Und wichtige Schwerpunkt des Unterrichts neben der Verstärkung des Körpermuskulatur bleibt weitere Entwicklung der Koordination, Motorik, Musikalität und tänzerische Ausdruckskraft."
    }
  },
  {
    "model": "dance.course",
    "pk": 17,
    "fields": {
      "name": "Tanzkurs 1b *",
      "teacher": 3,
      "age_group": "8-10 Jahre",
      "description": "Hier werden die Kinder die ersten Basiselementen der klassischen Tanztechnik an der Stange und in der Mitte erlernen. Und wichtige Schwerpunkt des Unterrichts neben der Verstärkung des Körpermuskulatur bleibt weitere Entwicklung der Koordination, Motorik, Musikalität und tänzerische Ausdruckskraft."
    }
  },
  {
    "model": "dance.course",
    "pk": 18,
    "fields": {
      "name": "Tanzkurs 2 E",
      "teacher": 3,
      "age_group": "10-14 Jahre",
      "description": "Jugendliche tauchen in die faszinierende Welt des klassischen Tanzes ein. Basierend auf traditionellen Methoden erlernen sie die Kunst der Bewegung an der Stange, in der Raummitte, beim Drehen und Springen. Der Kurs fördert sowohl die technische Perfektion als auch das künstlerische Ausdrucksvermögen der Teilnehmer:innen."
    }
  },
  {
    "model": "dance.course",
    "pk": 19,
    "fields": {
      "name": "Tanzkurs 2 ",
      "teacher": 3,
      "age_group": "10-14 Jahre",
      "description": "Jugendliche tauchen in die faszinierende Welt des klassischen Tanzes ein. Basierend auf traditionellen Methoden erlernen sie die Kunst der Bewegung an der Stange, in der Raummitte, beim Drehen und Springen. Der Kurs fördert sowohl die technische Perfektion als auch das künstlerische Ausdrucksvermögen der Teilnehmer:innen."
    }
  },
  {
    "model": "dance.course",
    "pk": 20,
    "fields": {
      "name": "Tanzkurs 3 *",
      "teacher": 3,
      "age_group": "15-25 Jahre",
      "description": "Jugendliche tauchen in die faszinierende Welt des klassischen Tanzes ein. Basierend auf traditionellen Methoden erlernen sie die Kunst der Bewegung an der Stange, in der Raummitte, beim Drehen und Springen. Der Kurs fördert sowohl die technische Perfektion als auch das künstlerische Ausdrucksvermögen der Teilnehmer:innen."
    }
  },
  {
    "model": "dance.course",
    "pk": 21,
    "fields": {
      "name": "Zwergerl-Tanz",
      "teacher": 4,
      "age_group": "Ab 3,5 Jahren",
      "description": "Beim Zwergerl-Tanz erleben die Allerjüngsten die abwechslungsreichen Möglichkeiten des eigenen künstlerischen Ausdrucks – von Körper und Stimme über Rhythmus und Musik. In unserem tänzerischen Miteinander machen wir große Sprünge, lauschen leisen Tönen, rennen und schleichen. Geeignet für Kinder im 1. und 2. Kindergartenjahr zum Entdecken der eigenen Bewegungsvielfalt und zum Erforschen der Elemente des Tanzes in spielerischer Form und auf ungezwungene Weise."
    }
  },
  {
    "model": "dance.course",
    "pk": 22,
    "fields": {
      "name": "Kiddy-Tanz",
      "teacher": 4,
      "age_group": "5,5-7 Jahre",
      "description": "Vorschulkinder und Schulanfänger:innen können hier zu einer bunten Mischung an Musik neue Bewegungen entdecken, kleine Kombis tanzen und erste eigene kurze Kreationen entwickeln. Wir bewegen uns am Boden, in der Luft und in den Räumen dazwischen. Zeitgenössische Tanztechnik wird auf spielerische Art altersgerecht vermittelt. Die koordinativen und motorischen Fähigkeiten werden geschult sowie linke und rechte Gehirnhälfe verknüpft. Vor allem geht es aber um Bewegungsfreude, Spaß und Flow."
    }
  },
  {
    "model": "dance.course",
    "pk": 23,
    "fields": {
      "name": "Modern Mix Kids",
      "teacher": 4,
      "age_group": "8-10 Jahre",
      "description": "Hier geht es um die Freude an der Bewegung und um Lust, neue, energiegeladene, motivierende Musik in allen Fasern unseres Körpers zu spüren. Das abwechslungsreiche Programm besteht aus altersgemäßem tanztechnischem Training mit Übungen und Bewegungsabläufen aus verschiedenen modernen Tanzstilen, u.a. Hiphop kombiniert mit zeitgenössischen Tanzelementen und einfachen akrobatischen Elementen am Boden oder mit dem Partner. Das wird ein Spaß!"
    }
  },
  {
    "model": "dance.course",
    "pk": 24,
    "fields": {
      "name": "Zeitgenössischer Tanz - Fokus Improvisation & Tanztheater",
      "teacher": 4,
      "age_group": "10+",
      "description": "Nach einem dynamischen Warm-up ist der Körper warm und bereit, sich verschiedenen tanztechnischen Themen zu widmen: vom Schwingen bis hin zum Springen, vom Rollen bis hin zum Fallen. Beweglichkeit, Kraft, Körperspannung und Ausdruck werden trainiert, unterschiedliche Bewegungsqualitäten ausprobiert, um den Raum mit Energie zu füllen. Der Unterricht bietet Raum für individuellen Ausdruck durch Improvisation und das Kreieren eigener tänzerischer Gestaltungen, die zu einem Bühnenstück zusammengefügt werden."
    }
  },
  {
    "model": "dance.course",
    "pk": 25,
    "fields": {
      "name": "Funky Moves 1",
      "teacher": 5,
      "age_group": "7-8 Jahre",
      "description": "Hier geht es um die Freude an der Bewegung und um Lust, neue, energiegeladene, motivierende Musik in allen Fasern unseres Körpers zu spüren. Das abwechslungsreiche Programm besteht aus altersgemäßem tanztechnischem Training mit Übungen und Bewegungsabläufen aus verschiedenen modernen Tanzstilen, u.a. Hiphop kombiniert mit zeitgenössischen Tanzelementen und einfachen akrobatischen Elementen am Boden oder mit dem Partner. Das wird ein Spaß!"
    }
  },
  {
    "model": "dance.course",
    "pk": 26,
    "fields": {
      "name": "Funky Moves 2",
      "teacher": 5,
      "age_group": "7-8 Jahre",
      "description": "Hier geht es um die Freude an der Bewegung und um Lust, neue, energiegeladene, motivierende Musik in allen Fasern unseres Körpers zu spüren. Das abwechslungsreiche Programm besteht aus altersgemäßem tanztechnischem Training mit Übungen und Bewegungsabläufen aus verschiedenen modernen Tanzstilen, u.a. Hiphop kombiniert mit zeitgenössischen Tanzelementen und einfachen akrobatischen Elementen am Boden oder mit dem Partner. Das wird ein Spaß!"
    }
  },
  {
    "model": "dance.course",
    "pk": 27,
    "fields": {
      "name": "Zeitgenössischer Tanz 2",
      "teacher": 5,
      "age_group": "14+",
      "description": "Wir wärmen uns gemeinsam auf, dehnen und kräftigen und feilen an unserer tänzerischen Technik: Dazu gehören Arm- und Beintechnik, Drehungen, Sprünge sowie verschiedene zeitgenössische Bewegungsabläufe auf Bodenebene. Der Fokus des Kurses liegt am Erlernen von verschiedenen zeitgenössischen Choreografien, die über mehrere Einheiten erarbeitet und schließlich auf die Bühne gebracht werden."
    }
  },
  {
    "model": "dance.timeslot",
    "pk": 1,
    "fields": {
      "course": 1,
      "day": "Montag",
      "start_time": "17:00:00",
      "end_time": "18:30:00",
      "studio": null,
      "location": "Campus"
    }
  },
  {
    "model": "dance.timeslot",
    "pk": 2,
    "fields": {
      "course": 1,
      "day": "Mittwoch",
      "start_time": "17:00:00",
      "end_time": "18:30:00",
      "studio": null,
      "location": "Campus"
    }
  },
  {
    "model": "dance.timeslot",
    "pk": 3,
    "fields": {
      "course": 2,
      "day": "Montag",
      "start_time": "18:30:00",
      "end_time": "20:00:00",
      "studio": null,
      "location": "Campus"
    }
  },
  {
    "model": "dance.timeslot",
    "pk": 4,
    "fields": {
      "course": 2,
      "day": "Mittwoch",
      "start_time": "18:30:00",
      "end_time": "20:00:00",
      "studio": null,
      "location": "Campus"
    }
  },
  {
    "model": "dance.timeslot",
    "pk": 5,
    "fields": {
      "course": 3,
      "day": "Freitag",
      "start_time": "17:00:00",
      "end_time": "18:30:00",
      "studio": null,
      "location": "Campus"
    }
  },
  {
    "model": "dance.timeslot",
    "pk": 6,
    "fields": {
      "course": 4,
      "day": "Montag",
      "start_time": "14:00:00",
      "end_time": "15:30:00",
      "studio": null,
      "location": "Campus"
    }
  },
  {
    "model": "dance.timeslot",
    "pk": 7,
    "fields": {
      "course": 5,
      "day": "Freitag",
      "start_time": "18:30:00",
      "end_time": "20:00:00",
      "studio": null,
      "location": "Campus"
    }
  },
  {
    "model": "dance.timeslot",
    "pk": 8,
    "fields": {
      "course": 6,
      "day": "Dienstag",
      "start_time": "14:00:00",
      "end_time": "15:15:00",
      "studio": null,
      "location": "Campus"
    }
  },
  {
    "model": "dance.timeslot",
    "pk": 9,
    "fields": {
      "course": 7,
      "day": "Donnerstag",
      "start_time": "14:00:00",
      "end_time": "15:15:00",
      "studio": null,
      "location": "Wagram"
    }
  },
  {
    "model": "dance.timeslot",
    "pk": 10,
    "fields": {
      "course": 9,
      "day": "Montag",
      "start_time": "15:30:00",
      "end_time": "17:00:00",
      "studio": null,
      "location": "Campus"
    }
  },
  {
    "model": "dance.timeslot",
    "pk": 11,
    "fields": {
      "course": 9,
      "day": "Mittwoch",
      "start_time": "15:30:00",
      "end_time": "17:00:00",
      "studio": null,
      "location": "Campus"
    }
  },
  {
    "model": "dance.timeslot",
    "pk": 12,
    "fields": {
      "course": 8,
      "day": "Mittwoch",
      "start_time": "15:30:00",
      "end_time": "17:00:00",
      "studio": null,
      "location": "Campus"
    }
  },
  {
    "model": "dance.timeslot",
    "pk": 13,
    "fields": {
      "course": 8,
      "day": "Freitag",
      "start_time": "15:30:00",
      "end_time": "17:00:00",
      "studio": null,
      "location": "Wagram"
    }
  },
  {
    "model": "dance.timeslot",
    "pk": 14,
    "fields": {
      "course": 10,
      "day": "Dienstag",
      "start_time": "15:30:00",
      "end_time": "17:00:00",
      "studio": null,
      "location": "Wagram??"
    }
  },
  {
    "model": "dance.timeslot",
    "pk": 15,
    "fields": {
      "course": 10,
      "day": "Donnerstag",
      "start_time": "15:30:00",
      "end_time": "17:00:00",
      "studio": null,
      "location": "Campus"
    }
  },
  {
    "model": "dance.timeslot",
    "pk": 16,
    "fields": {
      "course": 11,
      "day": "Montag",
      "start_time": "15:30:00",
      "end_time": "17:00:00",
      "studio": null,
      "location": "Campus"
    }
  },
  {
    "model": "dance.timeslot",
    "pk": 17,
    "fields": {
      "course": 11,
      "day": "Mittwoch",
      "start_time": "15:30:00",
      "end_time": "17:00:00",
      "studio": null,
      "location": "Campus"
    }
  },
  {
    "model": "dance.timeslot",
    "pk": 18,
    "fields": {
      "course": 12,
      "day": "Montag",
      "start_time": "17:00:00",
      "end_time": "18:30:00",
      "studio": null,
      "location": "Campus"
    }
  },
  {
    "model": "dance.timeslot",
    "pk": 19,
    "fields": {
      "course": 12,
      "day": "Donnerstag",
      "start_time": "17:00:00",
      "end_time": "18:30:00",
      "studio": null,
      "location": "Campus"
    }
  },
  {
    "model": "dance.timeslot",
    "pk": 20,
    "fields": {
      "course": 13,
      "day": "Dienstag",
      "start_time": "18:30:00",
      "end_time": "20:00:00",
      "studio": null,
      "location": "Wagram??"
    }
  },
  {
    "model": "dance.timeslot",
    "pk": 21,
    "fields": {
      "course": 13,
      "day": "Donnerstag",
      "start_time": "18:30:00",
      "end_time": "20:00:00",
      "studio": null,
      "location": "Campus"
    }
  },
  {
    "model": "dance.timeslot",
    "pk": 22,
    "fields": {
      "course": 14,
      "day": "Mittwoch",
      "start_time": "18:30:00",
      "end_time": "20:00:00",
      "studio": null,
      "location": "Campus"
    }
  },
  {
    "model": "dance.timeslot",
    "pk": 23,
    "fields": {
      "course": 15,
      "day": "Mittwoch",
      "start_time": "17:00:00",
      "end_time": "18:30:00",
      "studio": null,
      "location": "Campus"
    }
  },
  {
    "model": "dance.timeslot",
    "pk": 24,
    "fields": {
      "course": 16,
      "day": "Montag",
      "start_time": "15:30:00",
      "end_time": "17:00:00",
      "studio": null,
      "location": "Campus"
    }
  },
  {
    "model": "dance.timeslot",
    "pk": 25,
    "fields": {
      "course": 16,
      "day": "Donnerstag",
      "start_time": "15:30:00",
      "end_time": "17:00:00",
      "studio": null,
      "location": "Wagram"
    }
  },
  {
    "model": "dance.timeslot",
    "pk": 26,
    "fields": {
      "course": 17,
      "day": "Dienstag",
      "start_time": "15:30:00",
      "end_time": "17:00:00",
      "studio": null,
      "location": "Campus"
    }
  },
  {
    "model": "dance.timeslot",
    "pk": 27,
    "fields": {
      "course": 17,
      "day": "Freitag",
      "start_time": "15:30:00",
      "end_time": "17:00:00",
      "studio": null,
      "location": "Wagram"
    }
  },
  {
    "model": "dance.timeslot",
    "pk": 28,
    "fields": {
      "course": 18,
      "day": "Dienstag",
      "start_time": "17:00:00",
      "end_time": "18:30:00",
      "studio": null,
      "location": "Campus"
    }
  },
  {
    "model": "dance.timeslot",
    "pk": 29,
    "fields": {
      "course": 19,
      "day": "Freitag",
      "start_time": "17:00:00",
      "end_time": "18:30:00",
      "studio": null,
      "location": "Wagram"
    }
  },
  {
    "model": "dance.timeslot",
    "pk": 30,
    "fields": {
      "course": 20,
      "day": "Dienstag",
      "start_time": "18:30:00",
      "end_time": "20:00:00",
      "studio": null,
      "location": "Campus"
    }
  },
  {
    "model": "dance.timeslot",
    "pk": 31,
    "fields": {
      "course": 20,
      "day": "Freitag",
      "start_time": "18:30:00",
      "end_time": "20:00:00",
      "studio": null,
      "location": "Wagram"
    }
  },
  {
    "model": "dance.timeslot",
    "pk": 32,
    "fields": {
      "course": 21,
      "day": "Montag",
      "start_time": "14:00:00",
      "end_time": "14:50:00",
      "studio": null,
      "location": "Wagram"
    }
  },
  {
    "model": "dance.timeslot",
    "pk": 33,
    "fields": {
      "course": 22,
      "day": "Montag",
      "start_time": "15:00:00",
      "end_time": "15:50:00",
      "studio": null,
      "location": "Wagram"
    }
  },
  {
    "model": "dance.timeslot",
    "pk": 34,
    "fields": {
      "course": 23,
      "day": "Montag",
      "start_time": "16:00:00",
      "end_time": "17:15:00",
      "studio": null,
      "location": "Wagram"
    }
  },
  {
    "model": "dance.timeslot",
    "pk": 35,
    "fields": {
      "course": 24,
      "day": "Montag",
      "start_time": "17:30:00",
      "end_time": "18:45:00",
      "studio": null,
      "location": "Wagram"
    }
  },
  {
    "model": "dance.timeslot",
    "pk": 36,
    "fields": {
      "course": 25,
      "day": "Mittwoch",
      "start_time": "14:30:00",
      "end_time": "15:30:00",
      "studio": null,
      "location": "Kulturhaus Spratzern"
    }
  },
  {
    "model": "dance.timeslot",
    "pk": 37,
    "fields": {
      "course": 26,
      "day": "Mittwoch",
      "start_time": "15:30:00",
      "end_time": "16:45:00",
      "studio": null,
      "location": "Kulturhaus Spratzern"
    }
  },
  {
    "model": "dance.timeslot",
    "pk": 38,
    "fields": {
      "course": 27,
      "day": "nan",
      "start_time": "18:00:00",
      "end_time": "19:30:00",
      "studio": null,
      "location": "Kulturhaus Spratzern"
    }
  }
]