[
    {
      "model": "dance.teacher",
      "pk": 1,
      "fields": {
        "name": "Marijana Zeisel",
        "email": "marijana.zeisel@musikschule-stp.at"
      }
    },
    {
      "model": "dance.teacher",
      "pk": 2,
      "fields": {
        "name": "Yulia Bauer",
        "email": "yuliya.bauer@musikschule-stp.at"
      }
    },
    {
      "model": "dance.teacher",
      "pk": 3,
      "fields": {
        "name": "Chulpan Usmanova",
        "email": "chulpan.usmanova@musikschule-stp.at"
      }
    },
    {
      "model": "dance.teacher",
      "pk": 4,
      "fields": {
        "name": "Anna Grüssinger",
        "email": "anna.gruessinger@musikschule-stp.at"
      }
    },
    {
      "model": "dance.teacher",
      "pk": 5,
      "fields": {
        "name": "Katharina Holzweber",
        "email": "katharina.holzweber@musikschule-stp.at"
      }
    },
    {
      "model": "dance.course",
      "pk": 1,
      "fields": {
        "name": "Vom Pli\u00e9 zur Pirouette 1",
        "teacher": 1,
        "age_group": "8-11 Jahre",
        "description": "Erleben Sie die Grundlagen der Vaganova-Methode, die sich durch eine sch\u00fclerzentrierte Arbeitsweise auszeichnet. Kinder und Jugendliche erlernen nicht nur die Urspr\u00fcnge des klassischen Balletts, sondern haben auch die M\u00f6glichkeit, ihre k\u00fcnstlerische Ausdrucksf\u00e4higkeit und B\u00fchnenpr\u00e4senz zu entwickeln. Unabh\u00e4ngig davon, ob Anf\u00e4nger:in oder erfahrene T\u00e4nzer:in, wir hei\u00dfen alle willkommen, die die Sch\u00f6nheit und Disziplin des klassischen Balletts erkunden m\u00f6chten."
      }
    },
    {
      "model": "dance.course",
      "pk": 2,
      "fields": {
        "name": "Vom Pli\u00e9 zur Pirouette 2",
        "teacher": 1,
        "age_group": "11-14 Jahre",
        "description": "Erleben Sie die Grundlagen der Vaganova-Methode, die sich durch eine sch\u00fclerzentrierte Arbeitsweise auszeichnet. Kinder und Jugendliche erlernen nicht nur die Urspr\u00fcnge des klassischen Balletts, sondern haben auch die M\u00f6glichkeit, ihre k\u00fcnstlerische Ausdrucksf\u00e4higkeit und B\u00fchnenpr\u00e4senz zu entwickeln. Unabh\u00e4ngig davon, ob Anf\u00e4nger:in oder erfahrene T\u00e4nzer:in, wir hei\u00dfen alle willkommen, die die Sch\u00f6nheit und Disziplin des klassischen Balletts erkunden m\u00f6chten."
      }
    },
    {
      "model": "dance.course",
      "pk": 3,
      "fields": {
        "name": "Vom Pli\u00e9 zur Pirouette 3",
        "teacher": 1,
        "age_group": "15-25 Jahre",
        "description": "Erleben Sie die Grundlagen der Vaganova-Methode, die sich durch eine sch\u00fclerzentrierte Arbeitsweise auszeichnet. Kinder und Jugendliche erlernen nicht nur die Urspr\u00fcnge des klassischen Balletts, sondern haben auch die M\u00f6glichkeit, ihre k\u00fcnstlerische Ausdrucksf\u00e4higkeit und B\u00fchnenpr\u00e4senz zu entwickeln. Unabh\u00e4ngig davon, ob Anf\u00e4nger:in oder erfahrene T\u00e4nzer:in, wir hei\u00dfen alle willkommen, die die Sch\u00f6nheit und Disziplin des klassischen Balletts erkunden m\u00f6chten."
      }
    },
    {
      "model": "dance.course",
      "pk": 4,
      "fields": {
        "name": "Kreativer Ausdruckstanz",
        "teacher": 1,
        "age_group": "15-25 Jahre",
        "description": "Dieser Kurs zeigt, wie Geschichten in bewegende Kunstwerke umgesetzt werden k\u00f6nnen. Egal, ob es sich um wahre Erlebnisse, erfundene Ereignisse, bildhafte Geschichten oder pers\u00f6nliche Erfahrungen handelt; sie alle k\u00f6nnen als Impuls dienen, damit die Sch\u00fcler:innen lernen, sich in einer bewegten Sprache auszudr\u00fccken, die \u00fcber Worte hinausgeht. Das Endprodukt sind Choreografien, die im Moment entstehen und die k\u00fcnstlerische Stimme zum Ausdruck bringen."
      }
    },
    {
      "model": "dance.course",
      "pk": 5,
      "fields": {
        "name": "Kindertanz 1",
        "teacher": 1,
        "age_group": "4-5 Jahre",
        "description": "Dieser Kurs f\u00f6rdert die k\u00f6rperliche und kreative Entwicklung von Kindern. In spielerischer Atmosph\u00e4re lernen sie Tanzgrundlagen und nutzen ihre Fantasie. Ziele des Kurses sind die motorischen F\u00e4higkeiten und die K\u00f6rperkoordination zu verbessern, die Vorstellungskraft zu f\u00f6rdern, Selbstbewusstsein zu st\u00e4rken und Musikbegeisterung zu entwickeln."
      }
    },
    {
      "model": "dance.course",
      "pk": 6,
      "fields": {
        "name": "Kindertanz 4",
        "teacher": 1,
        "age_group": "7-8 Jahre",
        "description": "In diesem Kurs werden Kinder intensiv auf die Kunst des Tanzes vorbereitet. Boden\u00fcbungen st\u00e4rken den K\u00f6rper und f\u00f6rdern das Verst\u00e4ndnis der Muskelfunktion. Vielf\u00e4ltige Bewegungen im Raum schulen die Koordination und den Rhythmus."
      }
    },
    {
      "model": "dance.course",
      "pk": 7,
      "fields": {
        "name": "Kindertanz 2",
        "teacher": 2,
        "age_group": "5-6 Jahre",
        "description": "Erfahren Sie, wie Kinder Bewegungsrhythmen koordinieren und verstehen lernen. Der Kurs vermittelt Konzepte zur r\u00e4umlichen Orientierung und integriert leichte Bewegungen zur St\u00e4rkung und Entwicklung der Haltung."
      }
    },
    {
      "model": "dance.course",
      "pk": 8,
      "fields": {
        "name": "Kindertanz 4",
        "teacher": 2,
        "age_group": "7-8 Jahre",
        "description": "In diesem Kurs werden Kinder intensiv auf die Kunst des Tanzes vorbereitet. Boden\u00fcbungen st\u00e4rken den K\u00f6rper und f\u00f6rdern das Verst\u00e4ndnis der Muskelfunktion. Vielf\u00e4ltige Bewegungen im Raum schulen die Koordination und den Rhythmus."
      }
    },
    {
      "model": "dance.course",
      "pk": 9,
      "fields": {
        "name": "Modern 1",
        "teacher": 2,
        "age_group": "8-10 Jahre",
        "description": "Dieser Kurs umfasst zwei Richtungen des Jazztanzes: klassisch und modern. Kinder lernen, ihren K\u00f6rper zu koordinieren und zu kontrollieren, sowohl bei langsamer als auch bei schneller Musik. Intensive St\u00e4rkung aller Muskeln des K\u00f6rpers f\u00f6rdert die k\u00fcnstlerische Entwicklung und Wahrnehmung."
      }
    },
    {
      "model": "dance.course",
      "pk": 10,
      "fields": {
        "name": "Modern 2",
        "teacher": 2,
        "age_group": "10-14 Jahre",
        "description": "Dieser Kurs konzentriert sich auf moderne Tanzstile und -techniken, darunter Modern Dance. Sch\u00fcler:innen haben die M\u00f6glichkeit, ihre F\u00e4higkeiten in einer Tanzgruppe zu entwickeln und sich kreativ auszudr\u00fccken, w\u00e4hrend sie sich in die Welt des modernen Tanzes vertiefen."
      }
    },
    {
      "model": "dance.course",
      "pk": 11,
      "fields": {
        "name": "Musical Dance I",
        "teacher": 2,
        "age_group": "8-14 Jahre",
        "description": "Der Musical-Tanz vereint viele Richtungen der Choreographie. Jazz, Modern, Klassik. Geeignet f\u00fcr Kinder und Jugendliche, die bereits Gesangsunterricht nehmen. Es ist eine ausgezeichnete Erg\u00e4nzung und f\u00f6rdert die Lockerheit beim Singen und dramatischen Spielen. Im Kurs werden Szenen aus bekannten Musicals verwendet."
      }
    },
    {
      "model": "dance.course",
      "pk": 12,
      "fields": {
        "name": "Musical Dance II",
        "teacher": 2,
        "age_group": "15-25 Jahre",
        "description": "Der Musical-Tanz vereint viele Richtungen der Choreographie. Jazz, Modern, Klassik. Geeignet f\u00fcr Kinder und Jugendliche, die bereits Gesangsunterricht nehmen. Es ist eine ausgezeichnete Erg\u00e4nzung und f\u00f6rdert die Lockerheit beim Singen und dramatischen Spielen. Im Kurs werden Szenen aus bekannten Musicals verwendet."
      }
    },
    {
      "model": "dance.course",
      "pk": 13,
      "fields": {
        "name": "Kindertanz 3a",
        "teacher": 3,
        "age_group": "6-7 Jahre",
        "description": "Tauchen Sie spielerisch in die Welt des Tanzes ein. Dieser Kurs bietet den 6-7-J\u00e4hrigen einen erlebnisreichen Einstieg. Von Spannung und Entspannung bis hin zum Rhythmusgef\u00fchl legen wir hier den Grundstein f\u00fcr eine lebenslange Liebe zum Tanz. Die Kinder werden nicht nur tanzen, sondern auch die Musik und die Bedeutung hinter jeder Bewegung verstehen lernen."
      }
    },
    {
      "model": "dance.course",
      "pk": 14,
      "fields": {
        "name": "Kindertanz 3c",
        "teacher": 3,
        "age_group": "6-7 Jahre",
        "description": "Ein spielerischer Einstieg f\u00fcr die 6-7-J\u00e4hrigen in die Welt des Tanzes. Von Spannung und Entspannung bis hin zu Rhythmusgef\u00fchl legen wir hier den Grundstein f\u00fcr eine lebenslange Liebe zum Tanz. Die Kinder werden nicht nur tanzen, sondern auch die Musik und die Bedeutung hinter jeder Bewegung verstehen lernen."
      }
    },
    {
      "model": "dance.course",
      "pk": 15,
      "fields": {
        "name": "Kindertanz 4",
        "teacher": 3,
        "age_group": "7-8 Jahre",
        "description": "In diesem Kurs werden Kinder intensiv auf die Kunst des Tanzes vorbereitet. Boden\u00fcbungen st\u00e4rken den K\u00f6rper und f\u00f6rdern das Verst\u00e4ndnis der Muskelfunktion. Vielf\u00e4ltige Bewegungen im Raum schulen die Koordination und den Rhythmus."
      }
    },
    {
      "model": "dance.course",
      "pk": 16,
      "fields": {
        "name": "Tanzkurs",
        "teacher": 3,
        "age_group": "15-25 Jahre",
        "description": "Jugendliche tauchen in die faszinierende Welt des klassischen Tanzes ein. Basierend auf traditionellen Methoden erlernen sie die Kunst der Bewegung an der Stange, in der Raummitte, beim Drehen und Springen. Der Kurs f\u00f6rdert sowohl die technische Perfektion als auch das k\u00fcnstlerische Ausdrucksverm\u00f6gen der Teilnehmer:innen."
      }
    },
    {
      "model": "dance.course",
      "pk": 17,
      "fields": {
        "name": "Historischer Charaktertanz",
        "teacher": 3,
        "age_group": "10-24 Jahre",
        "description": "Tauchen Sie ein in die faszinierende Welt des Tanzes von historischen T\u00e4nzen bis hin zu volkst\u00fcmlichen Charaktert\u00e4nzen. Der Kurs bietet die einzigartige Gelegenheit, Elemente aus den Tanzstilen des 17., 18. und 19. Jahrhunderts zu erlernen."
      }
    },
    {
      "model": "dance.course",
      "pk": 18,
      "fields": {
        "name": "Zwergerl-Tanz",
        "teacher": 4,
        "age_group": "Ab 3,5 Jahren",
        "description": "Beim Zwergerl-Tanz suchen und entdecken die Allerj\u00fcngsten die abwechslungsreichen M\u00f6glichkeiten des eigenen k\u00fcnstlerischen Ausdrucks \u2013 von K\u00f6rper und Stimme \u00fcber Rhythmus und Musik. In unserem t\u00e4nzerischen Miteinander machen wir gro\u00dfe Spr\u00fcnge, lauschen leisen T\u00f6nen, rennen und schleichen. Kinder im Kindergartenalter (ab 3,5 Jahren) entdecken die eigene Bewegungsvielfalt und erforschen in spielerischer Form und auf ungezwungene Weise die Elemente des Tanzes."
      }
    },
    {
      "model": "dance.course",
      "pk": 19,
      "fields": {
        "name": "Modern Mix Kids",
        "teacher": 4,
        "age_group": "6-10 Jahre",
        "description": "Hier geht es um die Freude an der Bewegung und um Lust, neue, energiegeladene, motivierende Musik in allen Fasern unseres K\u00f6rpers zu sp\u00fcren. Das abwechslungsreiche Programm besteht aus altersgem\u00e4\u00dfem tanztechnischem Training mit \u00dcbungen und Bewegungsabl\u00e4ufen aus verschiedenen modernen Tanzstilen, u.a. Hiphop kombiniert mit zeitgen\u00f6ssischen Tanzelementen und einfachen akrobatischen Elementen am Boden oder mit dem Partner. Das wird ein Spa\u00df!"
      }
    },
    {
      "model": "dance.course",
      "pk": 20,
      "fields": {
        "name": "Zeitgen\u00f6ssischer Tanz - Fokus Improvisation & Tanztheater",
        "teacher": 4,
        "age_group": "10+",
        "description": "Nach einem dynamischen Warm-up ist der K\u00f6rper warm und bereit, sich verschiedenen tanztechnischen Themen zu widmen: vom Schwingen bis hin zum Springen, vom Rollen bis hin zum Fallen. Beweglichkeit, Kraft, K\u00f6rperspannung und Ausdruck werden trainiert, unterschiedliche Bewegungsqualit\u00e4ten ausprobiert, um den Raum mit Energie zu f\u00fcllen. Der Unterricht bietet Raum f\u00fcr individuellen Ausdruck durch Improvisation und das Kreieren eigener t\u00e4nzerischer Gestaltungen, die zu einem B\u00fchnenst\u00fcck zusammengef\u00fcgt werden."
      }
    },
    {
      "model": "dance.course",
      "pk": 21,
      "fields": {
        "name": "Funky Moves Minis",
        "teacher": 5,
        "age_group": "6-7 Jahre",
        "description": "Hier geht es um die Freude an der Bewegung und um Lust, neue, energiegeladene, motivierende Musik in allen Fasern unseres K\u00f6rpers zu sp\u00fcren. Das abwechslungsreiche Programm besteht aus altersgem\u00e4\u00dfem tanztechnischem Training mit \u00dcbungen und Bewegungsabl\u00e4ufen aus verschiedenen modernen Tanzstilen, u.a. Hiphop kombiniert mit zeitgen\u00f6ssischen Tanzelementen und einfachen akrobatischen Elementen am Boden oder mit dem Partner. Das wird ein Spa\u00df!"
      }
    },
    {
      "model": "dance.course",
      "pk": 22,
      "fields": {
        "name": "Funky Moves I",
        "teacher": 5,
        "age_group": "7-8 Jahre",
        "description": "Hier geht es um die Freude an der Bewegung und um Lust, neue, energiegeladene, motivierende Musik in allen Fasern unseres K\u00f6rpers zu sp\u00fcren. Das abwechslungsreiche Programm besteht aus altersgem\u00e4\u00dfem tanztechnischem Training mit \u00dcbungen und Bewegungsabl\u00e4ufen aus verschiedenen modernen Tanzstilen, u.a. Hiphop kombiniert mit zeitgen\u00f6ssischen Tanzelementen und einfachen akrobatischen Elementen am Boden oder mit dem Partner. Das wird ein Spa\u00df!"
      }
    },
    {
      "model": "dance.course",
      "pk": 23,
      "fields": {
        "name": "Zeitgen\u00f6ssischer Tanz - Fokus Choreografie I",
        "teacher": 5,
        "age_group": "11+",
        "description": "Wir w\u00e4rmen uns gemeinsam auf, dehnen und kr\u00e4ftigen und feilen an unserer t\u00e4nzerischen Technik: Dazu geh\u00f6ren Arm- und Beintechnik, Drehungen, Spr\u00fcnge sowie verschiedene zeitgen\u00f6ssische Bewegungsabl\u00e4ufe auf Bodenebene. Der Fokus des Kurses liegt am Erlernen von verschiedenen zeitgen\u00f6ssischen Choreografien, die \u00fcber mehrere Einheiten erarbeitet und schlie\u00dflich auf die B\u00fchne gebracht werden."
      }
    },
    {
      "model": "dance.course",
      "pk": 24,
      "fields": {
        "name": "Zeitgen\u00f6ssischer Tanz - Fokus Choreografie II",
        "teacher": 5,
        "age_group": "15+",
        "description": "Wir w\u00e4rmen uns gemeinsam auf, dehnen und kr\u00e4ftigen und feilen an unserer t\u00e4nzerischen Technik: Dazu geh\u00f6ren Arm- und Beintechnik, Drehungen, Spr\u00fcnge sowie verschiedene zeitgen\u00f6ssische Bewegungsabl\u00e4ufe auf Bodenebene. Der Fokus des Kurses liegt am Erlernen von verschiedenen zeitgen\u00f6ssischen Choreografien, die \u00fcber mehrere Einheiten erarbeitet und schlie\u00dflich auf die B\u00fchne gebracht werden."
      }
    },
    {
      "model": "dance.timeslot",
      "pk": 1,
      "fields": {
        "course": 1,
        "day": "Montag",
        "start_time": "15:30:00",
        "end_time": "17:00:00",
        "studio": null,
        "location": "Campus"
      }
    },
    {
      "model": "dance.timeslot",
      "pk": 2,
      "fields": {
        "course": 1,
        "day": "Mittwoch",
        "start_time": "15:30:00",
        "end_time": "17:00:00",
        "studio": null,
        "location": "Campus"
      }
    },
    {
      "model": "dance.timeslot",
      "pk": 3,
      "fields": {
        "course": 2,
        "day": "Montag",
        "start_time": "17:00:00",
        "end_time": "18:30:00",
        "studio": null,
        "location": "Campus"
      }
    },
    {
      "model": "dance.timeslot",
      "pk": 4,
      "fields": {
        "course": 2,
        "day": "Mittwoch",
        "start_time": "17:00:00",
        "end_time": "18:30:00",
        "studio": null,
        "location": "Campus"
      }
    },
    {
      "model": "dance.timeslot",
      "pk": 5,
      "fields": {
        "course": 3,
        "day": "Montag",
        "start_time": "18:30:00",
        "end_time": "20:00:00",
        "studio": null,
        "location": "Campus"
      }
    },
    {
      "model": "dance.timeslot",
      "pk": 6,
      "fields": {
        "course": 3,
        "day": "Mittwoch",
        "start_time": "18:30:00",
        "end_time": "20:00:00",
        "studio": null,
        "location": "Campus"
      }
    },
    {
      "model": "dance.timeslot",
      "pk": 7,
      "fields": {
        "course": 4,
        "day": "Freitag",
        "start_time": "17:00:00",
        "end_time": "19:00:00",
        "studio": null,
        "location": "Campus"
      }
    },
    {
      "model": "dance.timeslot",
      "pk": 8,
      "fields": {
        "course": 5,
        "day": "Dienstag",
        "start_time": "14:00:00",
        "end_time": "15:00:00",
        "studio": null,
        "location": "Campus"
      }
    },
    {
      "model": "dance.timeslot",
      "pk": 9,
      "fields": {
        "course": 6,
        "day": "Dienstag",
        "start_time": "15:30:00",
        "end_time": "17:00:00",
        "studio": null,
        "location": "Campus"
      }
    },
    {
      "model": "dance.timeslot",
      "pk": 10,
      "fields": {
        "course": 6,
        "day": "Freitag",
        "start_time": "15:30:00",
        "end_time": "17:00:00",
        "studio": null,
        "location": "Campus"
      }
    },
    {
      "model": "dance.timeslot",
      "pk": 11,
      "fields": {
        "course": 7,
        "day": "Mittwoch",
        "start_time": "14:15:00",
        "end_time": "15:30:00",
        "studio": null,
        "location": "Campus"
      }
    },
    {
      "model": "dance.timeslot",
      "pk": 12,
      "fields": {
        "course": 8,
        "day": "Dienstag",
        "start_time": "15:30:00",
        "end_time": "17:00:00",
        "studio": null,
        "location": "Campus"
      }
    },
    {
      "model": "dance.timeslot",
      "pk": 13,
      "fields": {
        "course": 8,
        "day": "Donnerstag",
        "start_time": "15:30:00",
        "end_time": "17:00:00",
        "studio": null,
        "location": "Campus"
      }
    },
    {
      "model": "dance.timeslot",
      "pk": 14,
      "fields": {
        "course": 9,
        "day": "Montag",
        "start_time": "15:30:00",
        "end_time": "17:00:00",
        "studio": null,
        "location": "Campus"
      }
    },
    {
      "model": "dance.timeslot",
      "pk": 15,
      "fields": {
        "course": 9,
        "day": "Mittwoch",
        "start_time": "15:30:00",
        "end_time": "17:00:00",
        "studio": null,
        "location": "Campus"
      }
    },
    {
      "model": "dance.timeslot",
      "pk": 16,
      "fields": {
        "course": 10,
        "day": "Montag",
        "start_time": "17:00:00",
        "end_time": "18:30:00",
        "studio": null,
        "location": "Campus"
      }
    },
    {
      "model": "dance.timeslot",
      "pk": 17,
      "fields": {
        "course": 10,
        "day": "Donnerstag",
        "start_time": "17:00:00",
        "end_time": "18:30:00",
        "studio": null,
        "location": "Campus"
      }
    },
    {
      "model": "dance.timeslot",
      "pk": 18,
      "fields": {
        "course": 11,
        "day": "Dienstag",
        "start_time": "18:30:00",
        "end_time": "20:00:00",
        "studio": null,
        "location": "Campus"
      }
    },
    {
      "model": "dance.timeslot",
      "pk": 19,
      "fields": {
        "course": 12,
        "day": "Donnerstag",
        "start_time": "18:30:00",
        "end_time": "20:00:00",
        "studio": null,
        "location": "Campus"
      }
    },
    {
      "model": "dance.timeslot",
      "pk": 20,
      "fields": {
        "course": 13,
        "day": "Dienstag",
        "start_time": "14:00:00",
        "end_time": "15:30:00",
        "studio": null,
        "location": "Campus"
      }
    },
    {
      "model": "dance.timeslot",
      "pk": 21,
      "fields": {
        "course": 13,
        "day": "Donnerstag",
        "start_time": "15:30:00",
        "end_time": "17:00:00",
        "studio": null,
        "location": "Campus"
      }
    },
    {
      "model": "dance.timeslot",
      "pk": 22,
      "fields": {
        "course": 14,
        "day": "Montag",
        "start_time": "14:00:00",
        "end_time": "15:30:00",
        "studio": null,
        "location": "Campus"
      }
    },
    {
      "model": "dance.timeslot",
      "pk": 23,
      "fields": {
        "course": 14,
        "day": "Freitag",
        "start_time": "14:00:00",
        "end_time": "15:30:00",
        "studio": null,
        "location": "Campus"
      }
    },
    {
      "model": "dance.timeslot",
      "pk": 24,
      "fields": {
        "course": 15,
        "day": "Mittwoch",
        "start_time": "14:00:00",
        "end_time": "15:30:00",
        "studio": null,
        "location": "Campus"
      }
    },
    {
      "model": "dance.timeslot",
      "pk": 25,
      "fields": {
        "course": 15,
        "day": "Freitag",
        "start_time": "15:30:00",
        "end_time": "17:00:00",
        "studio": null,
        "location": "Campus"
      }
    },
    {
      "model": "dance.timeslot",
      "pk": 26,
      "fields": {
        "course": 16,
        "day": "Dienstag",
        "start_time": "18:30:00",
        "end_time": "20:00:00",
        "studio": null,
        "location": "Campus"
      }
    },
    {
      "model": "dance.timeslot",
      "pk": 27,
      "fields": {
        "course": 16,
        "day": "Donnerstag",
        "start_time": "18:30:00",
        "end_time": "20:00:00",
        "studio": null,
        "location": "Campus"
      }
    },
    {
      "model": "dance.timeslot",
      "pk": 28,
      "fields": {
        "course": 17,
        "day": "Donnerstag",
        "start_time": "17:00:00",
        "end_time": "18:30:00",
        "studio": null,
        "location": "Campus"
      }
    },
    {
      "model": "dance.timeslot",
      "pk": 29,
      "fields": {
        "course": 18,
        "day": "Donnerstag",
        "start_time": "14:30:00",
        "end_time": "15:20:00",
        "studio": null,
        "location": "Kulturhaus Spratzern"
      }
    },
    {
      "model": "dance.timeslot",
      "pk": 30,
      "fields": {
        "course": 19,
        "day": "Donnerstag",
        "start_time": "15:30:00",
        "end_time": "16:45:00",
        "studio": null,
        "location": "Kulturhaus Spratzern"
      }
    },
    {
      "model": "dance.timeslot",
      "pk": 31,
      "fields": {
        "course": 20,
        "day": "Donnerstag",
        "start_time": "17:00:00",
        "end_time": "18:30:00",
        "studio": null,
        "location": "Kulturhaus Spratzern"
      }
    },
    {
      "model": "dance.timeslot",
      "pk": 32,
      "fields": {
        "course": 21,
        "day": "Mittwoch",
        "start_time": "14:30:00",
        "end_time": "15:20:00",
        "studio": null,
        "location": "Kulturhaus Spratzern"
      }
    },
    {
      "model": "dance.timeslot",
      "pk": 33,
      "fields": {
        "course": 22,
        "day": "Mittwoch",
        "start_time": "15:30:00",
        "end_time": "16:30:00",
        "studio": null,
        "location": "Kulturhaus Spratzern"
      }
    },
    {
      "model": "dance.timeslot",
      "pk": 34,
      "fields": {
        "course": 23,
        "day": "Mittwoch",
        "start_time": "16:30:00",
        "end_time": "18:00:00",
        "studio": null,
        "location": "Kulturhaus Spratzern"
      }
    },
    {
      "model": "dance.timeslot",
      "pk": 35,
      "fields": {
        "course": 24,
        "day": "Mittwoch",
        "start_time": "18:15:00",
        "end_time": "19:45:00",
        "studio": null,
        "location": "Kulturhaus Spratzern"
      }
    }
  ]